0,1,2,3,4,5,6,7,8,9,10
0.5503749824975906,-1.181705788861412,-0.7021834201022757,0.6146734162335555,-0.3358116822027106,-0.2758751354023245,0.6889281478325263,0.34662777895896973,0.2735560234168669,0.6077727824623614,-1.220671182285977
-1.8169430511939695,0.8462343245043359,-0.7021834201022757,0.6146734162335555,-0.3358116822027106,-0.11132605714436701,-0.47748683486002685,-0.6519181697450621,0.2735560234168669,0.6077727824623614,-1.220671182285977
-1.8169430511939695,-1.181705788861412,-0.7021834201022757,0.6146734162335555,-0.3358116822027106,-0.490082120350601,-0.47748683486002685,-1.0833886414072982,0.2735560234168669,0.6077727824623614,-1.220671182285977
0.5503749824975906,0.8462343245043359,0.3402171880584034,-1.6268801831833783,-0.3358116822027106,0.26138310229514916,-0.47748683486002685,-0.08484269270326629,-2.4493792418121783,0.6077727824623614,1.303428550576552
0.5503749824975906,0.8462343245043359,1.3826177962190827,0.6146734162335555,-0.3358116822027106,0.11680713041816872,0.8784943121901396,-0.2944140646534952,0.2735560234168669,0.6077727824623614,-1.220671182285977
0.5503749824975906,0.8462343245043359,2.425018404379762,0.6146734162335555,-0.3358116822027106,-0.0026650288515287102,0.3813916236815486,0.6918041562887585,0.2735560234168669,0.6077727824623614,0.041378684145287406
0.5503749824975906,-1.181705788861412,-0.7021834201022757,0.6146734162335555,-0.3358116822027106,-0.024104051297164596,-0.47748683486002685,-0.31906952017705154,0.2735560234168669,0.6077727824623614,0.041378684145287406
0.5503749824975906,0.8462343245043359,1.3826177962190827,0.6146734162335555,2.9778594760034482,-0.49136479690717755,0.7700158204261263,0.3959386900060824,0.2735560234168669,0.6077727824623614,-1.220671182285977
0.5503749824975906,0.8462343245043359,1.3826177962190827,0.6146734162335555,-0.3358116822027106,-0.37170939812939774,-0.05442071698037491,-0.1218258759886008,0.2735560234168669,0.6077727824623614,1.303428550576552
0.5503749824975906,-1.181705788861412,-0.7021834201022757,-1.6268801831833783,-0.3358116822027106,-0.3341452989725143,-0.47748683486002685,-0.7875231751246221,-4.627727453995414,0.6077727824623614,0.041378684145287406
0.5503749824975906,-1.181705788861412,0.3402171880584034,-1.6268801831833783,-0.3358116822027106,0.21245815363715959,-0.2732760741142718,0.3589555067207479,0.2735560234168669,0.6077727824623614,-1.220671182285977
0.5503749824975906,0.8462343245043359,-0.7021834201022757,0.6146734162335555,-0.3358116822027106,-0.5325936862257081,0.08307577133051197,-0.2944140646534952,0.2735560234168669,0.6077727824623614,1.303428550576552
0.5503749824975906,0.8462343245043359,-0.7021834201022757,0.6146734162335555,-0.3358116822027106,-0.353935165845409,-0.47748683486002685,0.3219723234354134,0.2735560234168669,0.6077727824623614,-1.220671182285977
-1.8169430511939695,-1.181705788861412,-0.7021834201022757,0.6146734162335555,-0.3358116822027106,-0.0389464514518356,0.19996134620623632,0.0507623126762936,1.9073171825542938,0.6077727824623614,-1.220671182285977
0.5503749824975906,0.8462343245043359,1.3826177962190827,-1.6268801831833783,-0.3358116822027106,-0.41092265285902235,-0.02079238453353078,-0.8368340861717347,-2.192213133429435,-1.6453517315279396,0.041378684145287406
0.5503749824975906,0.8462343245043359,-0.7021834201022757,0.6146734162335555,-0.3358116822027106,-0.26652992049012425,0.003886472342782251,-0.15880905927393532,0.2735560234168669,0.6077727824623614,0.041378684145287406
0.5503749824975906,0.8462343245043359,2.425018404379762,0.6146734162335555,-0.3358116822027106,0.46881022544437845,-0.47748683486002685,-0.19579224255926983,-2.4493792418121783,0.6077727824623614,1.303428550576552
0.5503749824975906,0.8462343245043359,0.3402171880584034,0.6146734162335555,2.9778594760034482,-0.5503679185096968,-0.47748683486002685,-0.9601113637895164,-0.6340890649928148,-1.6453517315279396,-1.220671182285977
0.5503749824975906,-1.181705788861412,-0.7021834201022757,0.6146734162335555,-0.3358116822027106,-0.1921346802086869,-0.47748683486002685,-0.2697586091299389,0.2735560234168669,0.6077727824623614,0.041378684145287406
0.5503749824975906,-1.181705788861412,-0.7021834201022757,0.6146734162335555,-0.3358116822027106,0.14997348138107552,-0.47748683486002685,-0.04785950941793177,0.2735560234168669,0.6077727824623614,-1.220671182285977
0.5503749824975906,0.8462343245043359,-0.7021834201022757,-1.6268801831833783,-0.3358116822027106,-0.2949320442428897,0.6382144529328502,0.10007322372340628,0.2735560234168669,-1.6453517315279396,-1.220671182285977
0.5503749824975906,0.8462343245043359,-0.7021834201022757,0.6146734162335555,-0.3358116822027106,0.5776544932452992,-0.47748683486002685,0.19869504581763167,0.2735560234168669,0.6077727824623614,0.041378684145287406
0.5503749824975906,-1.181705788861412,-0.7021834201022757,0.6146734162335555,-0.3358116822027106,-0.5159188909902135,0.20891082177676742,-0.09717042046504445,0.2735560234168669,0.6077727824623614,0.041378684145287406
-1.8169430511939695,-1.181705788861412,-0.7021834201022757,0.6146734162335555,-0.3358116822027106,-0.5137200168932252,-0.47748683486002685,-1.6627918462108722,0.2735560234168669,0.6077727824623614,1.303428550576552
0.5503749824975906,-1.181705788861412,-0.7021834201022757,0.6146734162335555,-0.3358116822027106,-0.26231541180423,-0.47748683486002685,-0.5409686198890586,0.2735560234168669,0.6077727824623614,1.303428550576552
-1.8169430511939695,-1.181705788861412,-0.7021834201022757,0.6146734162335555,-0.3358116822027106,0.8358389601333416,-0.16506877857966848,1.0616359891421037,0.2735560234168669,0.6077727824623614,-1.220671182285977
0.5503749824975906,0.8462343245043359,0.3402171880584034,0.6146734162335555,-0.3358116822027106,-0.49301395247991875,0.07955022034818154,-0.49165770884194593,0.2735560234168669,0.6077727824623614,0.041378684145287406
0.5503749824975906,0.8462343245043359,-0.7021834201022757,-1.6268801831833783,-0.3358116822027106,-0.053972091114588956,-0.47748683486002685,-0.13415360375037896,0.2735560234168669,0.6077727824623614,-1.220671182285977
0.5503749824975906,-1.181705788861412,2.425018404379762,-1.6268801831833783,-0.3358116822027106,-0.0869552025694134,0.06300725035416951,0.0507623126762936,0.2735560234168669,0.6077727824623614,0.041378684145287406
0.5503749824975906,0.8462343245043359,-0.7021834201022757,0.6146734162335555,-0.3358116822027106,-0.5096887477154133,0.1101953942715153,-0.35605270346238604,0.2735560234168669,0.6077727824623614,0.041378684145287406
-1.8169430511939695,-1.181705788861412,-0.7021834201022757,0.6146734162335555,-0.3358116822027106,-0.6176168179759222,-0.025673916662911377,-1.1080440969308545,0.2735560234168669,0.6077727824623614,1.303428550576552
0.5503749824975906,0.8462343245043359,-0.7021834201022757,0.6146734162335555,-0.3358116822027106,1.7227181792519544,-0.47748683486002685,3.601147908068407,0.2735560234168669,0.6077727824623614,0.041378684145287406
0.5503749824975906,0.8462343245043359,1.3826177962190827,0.6146734162335555,-0.3358116822027106,-0.2531534364001121,0.498819591016093,0.8890478004772092,0.2735560234168669,-1.6453517315279396,1.303428550576552
-1.8169430511939695,-1.181705788861412,-0.7021834201022757,0.6146734162335555,2.9778594760034482,1.1284724545408673,-0.47748683486002685,1.5670728273750087,0.2735560234168669,-1.6453517315279396,1.303428550576552
0.5503749824975906,0.8462343245043359,-0.7021834201022757,0.6146734162335555,-0.3358116822027106,-0.4550833743068706,0.07412629575998088,-0.2697586091299389,0.2735560234168669,0.6077727824623614,0.041378684145287406
0.5503749824975906,0.8462343245043359,1.3826177962190827,0.6146734162335555,-0.3358116822027106,0.10966078960295675,-0.47748683486002685,0.5931823341945331,0.2735560234168669,0.6077727824623614,1.303428550576552
0.5503749824975906,0.8462343245043359,1.3826177962190827,-1.6268801831833783,-0.3358116822027106,0.047176117346872666,2.501874941438599,4.094257018539533,0.2735560234168669,-1.6453517315279396,-1.220671182285977
0.5503749824975906,-1.181705788861412,-0.7021834201022757,0.6146734162335555,-0.3358116822027106,-0.37079320058898596,0.3504752535288048,-0.6765736252686185,0.2735560234168669,0.6077727824623614,-1.220671182285977
0.5503749824975906,-1.181705788861412,-0.7021834201022757,0.6146734162335555,-0.3358116822027106,0.12230431566063946,-0.47748683486002685,-0.2944140646534952,0.2735560234168669,0.6077727824623614,1.303428550576552
-1.8169430511939695,-1.181705788861412,-0.7021834201022757,0.6146734162335555,-0.3358116822027106,0.895941518784355,-0.47748683486002685,0.802753706144762,0.2735560234168669,-1.6453517315279396,0.041378684145287406
-1.8169430511939695,-1.181705788861412,-0.7021834201022757,0.6146734162335555,-0.3358116822027106,-0.4935636710041658,-0.47748683486002685,-0.7012290807921748,1.9073171825542938,0.6077727824623614,0.041378684145287406
0.5503749824975906,0.8462343245043359,1.3826177962190827,0.6146734162335555,-0.3358116822027106,0.12450318975762775,2.1577269263172667,2.799845603552826,0.2735560234168669,-1.6453517315279396,0.041378684145287406
0.5503749824975906,0.8462343245043359,2.425018404379762,0.6146734162335555,-0.3358116822027106,0.792044717701658,-0.47748683486002685,1.6163837384221214,0.2735560234168669,0.6077727824623614,-1.220671182285977
0.5503749824975906,-1.181705788861412,-0.7021834201022757,0.6146734162335555,2.9778594760034482,0.32405101405931563,-0.47748683486002685,0.38361096224430424,-2.4493792418121783,0.6077727824623614,0.041378684145287406
0.5503749824975906,0.8462343245043359,1.3826177962190827,0.6146734162335555,-0.3358116822027106,-0.2348294855918763,-0.47748683486002685,-0.6642458975068404,0.2735560234168669,0.6077727824623614,0.041378684145287406
0.5503749824975906,0.8462343245043359,1.3826177962190827,0.6146734162335555,-0.3358116822027106,0.5774712537372167,0.3813916236815486,0.2603336846265225,0.2735560234168669,0.6077727824623614,-1.220671182285977
0.5503749824975906,-1.181705788861412,1.3826177962190827,0.6146734162335555,-0.3358116822027106,-0.2967644393237133,-0.47748683486002685,-0.6519181697450621,0.2735560234168669,-1.6453517315279396,-1.220671182285977
-1.8169430511939695,-1.181705788861412,-0.7021834201022757,-1.6268801831833783,-0.3358116822027106,-0.4844016956000479,0.03751480478962638,-0.208119970321048,-1.8896647706262077,0.6077727824623614,0.041378684145287406
0.5503749824975906,0.8462343245043359,2.425018404379762,0.6146734162335555,-0.3358116822027106,0.06128555946921423,2.587030557473349,4.328483846013318,0.2735560234168669,-1.6453517315279396,0.041378684145287406
0.5503749824975906,0.8462343245043359,-0.7021834201022757,-1.6268801831833783,-0.3358116822027106,-0.21155806806541685,0.946293369542648,-0.08484269270326629,0.13740926015541466,-1.6453517315279396,-1.220671182285977
0.5503749824975906,0.8462343245043359,-0.7021834201022757,0.6146734162335555,-0.3358116822027106,-0.41440420351258717,-0.4731476951894663,-0.7012290807921748,0.2735560234168669,0.6077727824623614,-1.220671182285977
0.5503749824975906,0.8462343245043359,-0.7021834201022757,-1.6268801831833783,-0.3358116822027106,-0.052322935541847734,0.8635785195725878,0.6671487007652022,0.2735560234168669,0.6077727824623614,-1.220671182285977
0.5503749824975906,-1.181705788861412,-0.7021834201022757,-1.6268801831833783,2.9778594760034482,0.11332557976460392,-0.47748683486002685,-0.14648133151215714,0.2735560234168669,0.6077727824623614,0.041378684145287406
-1.8169430511939695,-1.181705788861412,-0.7021834201022757,0.6146734162335555,-0.3358116822027106,-0.3693272845243271,0.33203390992892257,-0.14648133151215714,0.2735560234168669,0.6077727824623614,-1.220671182285977
0.5503749824975906,0.8462343245043359,1.3826177962190827,0.6146734162335555,2.9778594760034482,0.5069240431255089,1.4659053450922717,4.143567929586646,0.2735560234168669,0.6077727824623614,-1.220671182285977
0.5503749824975906,0.8462343245043359,0.3402171880584034,0.6146734162335555,-0.3358116822027106,0.5311116581923802,0.13270468131254806,0.4452496010531951,0.2735560234168669,0.6077727824623614,1.303428550576552
0.5503749824975906,0.8462343245043359,0.3402171880584034,-1.6268801831833783,-0.3358116822027106,-0.3266324791411377,-0.032725018627572246,-0.40536361450949876,-2.4493792418121783,0.6077727824623614,1.303428550576552
0.5503749824975906,0.8462343245043359,0.3402171880584034,0.6146734162335555,-0.3358116822027106,-0.34202459782005573,-0.47748683486002685,-0.5902795309361714,0.2735560234168669,0.6077727824623614,0.041378684145287406
-1.8169430511939695,-1.181705788861412,-0.7021834201022757,0.6146734162335555,-0.3358116822027106,-0.10967690157162578,-0.47748683486002685,-0.18346451479749165,0.2735560234168669,-1.6453517315279396,-1.220671182285977
0.5503749824975906,-1.181705788861412,-0.7021834201022757,-1.6268801831833783,-0.3358116822027106,-0.3277319161896318,-0.47748683486002685,-0.4546745255566114,-1.738390589224594,0.6077727824623614,0.041378684145287406
0.5503749824975906,0.8462343245043359,0.3402171880584034,0.6146734162335555,2.9778594760034482,0.9769333813567572,0.5666186483686013,0.19869504581763167,-2.4493792418121783,-1.6453517315279396,1.303428550576552
0.5503749824975906,0.8462343245043359,1.3826177962190827,-1.6268801831833783,-0.3358116822027106,-0.5478025653965438,-0.0050630032277488475,-1.218993646786858,0.2735560234168669,0.6077727824623614,0.041378684145287406
0.5503749824975906,-1.181705788861412,-0.7021834201022757,0.6146734162335555,-0.3358116822027106,0.5921304143838054,-0.47748683486002685,0.297316867911857,0.2735560234168669,0.6077727824623614,0.041378684145287406
-1.8169430511939695,-1.181705788861412,-0.7021834201022757,0.6146734162335555,2.9778594760034482,1.9382078407568073,-0.47748683486002685,-1.0957163691690763,0.2735560234168669,0.6077727824623614,0.041378684145287406
0.5503749824975906,0.8462343245043359,-0.7021834201022757,0.6146734162335555,-0.3358116822027106,-0.28265499720137177,0.14979004376538016,-0.06018723717970994,0.2735560234168669,-1.6453517315279396,-1.220671182285977
0.5503749824975906,0.8462343245043359,1.3826177962190827,-1.6268801831833783,-0.3358116822027106,-0.42008462826314025,-0.47748683486002685,-1.218993646786858,-2.4493792418121783,-1.6453517315279396,1.303428550576552
0.5503749824975906,0.8462343245043359,0.3402171880584034,0.6146734162335555,-0.3358116822027106,-0.5600796124380618,4.567576620854823,1.08629144466566,0.2735560234168669,-1.6453517315279396,1.303428550576552
0.5503749824975906,-1.181705788861412,-0.7021834201022757,0.6146734162335555,-0.3358116822027106,0.1391623504042164,0.6702156080032341,1.875266021419463,0.2735560234168669,0.6077727824623614,0.041378684145287406
0.5503749824975906,0.8462343245043359,1.3826177962190827,0.6146734162335555,-0.3358116822027106,-0.033266026701282495,-0.47748683486002685,-0.8861449972188474,0.2735560234168669,-1.6453517315279396,0.041378684145287406
-1.8169430511939695,-1.181705788861412,-0.7021834201022757,0.6146734162335555,-0.3358116822027106,-0.6746043049895355,0.010666378078033084,-0.5039854366037241,0.2735560234168669,-1.6453517315279396,0.041378684145287406
0.5503749824975906,0.8462343245043359,-0.7021834201022757,0.6146734162335555,-0.3358116822027106,-0.10656182993422571,-0.47748683486002685,-0.8738172694570693,-2.4493792418121783,0.6077727824623614,0.041378684145287406
0.5503749824975906,0.8462343245043359,1.3826177962190827,-1.6268801831833783,-0.3358116822027106,-0.5314942491772139,-0.47748683486002685,-0.3807081589859424,0.2735560234168669,0.6077727824623614,-1.220671182285977
0.5503749824975906,0.8462343245043359,-0.7021834201022757,0.6146734162335555,-0.3358116822027106,0.5750891401321461,-0.47748683486002685,0.14938413477051898,-0.10462943008716712,-1.6453517315279396,0.041378684145287406
0.5503749824975906,-1.181705788861412,0.3402171880584034,0.6146734162335555,-0.3358116822027106,0.6696407263026428,-0.47748683486002685,1.382156910948336,0.2735560234168669,-1.6453517315279396,1.303428550576552
0.5503749824975906,0.8462343245043359,-0.7021834201022757,-1.6268801831833783,2.9778594760034482,-0.08182449634310737,-0.47748683486002685,-0.07251496494148811,0.2735560234168669,0.6077727824623614,1.303428550576552
0.5503749824975906,0.8462343245043359,0.3402171880584034,-1.6268801831833783,-0.3358116822027106,-0.5906806102878156,0.18314717998281427,-0.15880905927393532,0.2735560234168669,0.6077727824623614,-1.220671182285977
0.5503749824975906,0.8462343245043359,1.3826177962190827,-1.6268801831833783,-0.3358116822027106,-0.5906806102878156,-0.08262512483901838,-1.0340777303601856,-0.6340890649928148,0.6077727824623614,1.303428550576552
-1.8169430511939695,-1.181705788861412,-0.7021834201022757,-1.6268801831833783,-0.3358116822027106,-0.45728224840385895,-0.47748683486002685,-0.4546745255566114,-0.24077619334861938,0.6077727824623614,-1.220671182285977
0.5503749824975906,-1.181705788861412,-0.7021834201022757,-1.6268801831833783,-0.3358116822027106,-0.2344630065757116,-0.025673916662911377,-0.43001907003305506,0.2735560234168669,0.6077727824623614,-1.220671182285977
0.5503749824975906,-1.181705788861412,-0.7021834201022757,0.6146734162335555,-0.3358116822027106,-0.2929164096539838,-0.47748683486002685,-0.5779518031743931,0.2735560234168669,-1.6453517315279396,0.041378684145287406
0.5503749824975906,0.8462343245043359,-0.7021834201022757,0.6146734162335555,-0.3358116822027106,-0.3086750073490666,0.05514255970127854,-0.3437249757006079,0.2735560234168669,0.6077727824623614,-1.220671182285977
0.5503749824975906,0.8462343245043359,-0.7021834201022757,-1.6268801831833783,2.9778594760034482,-0.15347114400330936,-0.27788641001424236,-0.7012290807921748,0.2735560234168669,0.6077727824623614,0.041378684145287406
-1.8169430511939695,-1.181705788861412,-0.7021834201022757,-1.6268801831833783,-0.3358116822027106,-0.32644923963305533,-0.47748683486002685,-0.6026072586979495,0.2735560234168669,0.6077727824623614,-1.220671182285977
0.5503749824975906,0.8462343245043359,0.3402171880584034,0.6146734162335555,-0.3358116822027106,-0.2683623155709478,0.31576213616432053,0.08774549596162812,0.2735560234168669,0.6077727824623614,0.041378684145287406
0.5503749824975906,-1.181705788861412,-0.7021834201022757,0.6146734162335555,-0.3358116822027106,-0.3231509284875729,-0.47748683486002685,-0.208119970321048,0.2735560234168669,0.6077727824623614,0.041378684145287406
-1.8169430511939695,-1.181705788861412,-0.7021834201022757,-1.6268801831833783,-0.3358116822027106,-0.4713916905262005,-0.02241956190999098,-0.5286408921272805,-0.9668922640763647,-1.6453517315279396,-1.220671182285977
0.5503749824975906,0.8462343245043359,1.3826177962190827,0.6146734162335555,-0.3358116822027106,-0.7114354461140895,-0.1829677297207307,-1.564170024116647,-3.3570243302218596,0.6077727824623614,1.303428550576552
0.5503749824975906,0.8462343245043359,1.3826177962190827,0.6146734162335555,-0.3358116822027106,0.0006332822939537341,-0.47748683486002685,0.1370564070087408,0.2735560234168669,0.6077727824623614,0.041378684145287406
0.5503749824975906,0.8462343245043359,0.3402171880584034,0.6146734162335555,-0.3358116822027106,-0.18608777644196908,0.43617326202237533,0.7041318840505367,0.2735560234168669,0.6077727824623614,1.303428550576552
0.5503749824975906,0.8462343245043359,-0.7021834201022757,0.6146734162335555,-0.3358116822027106,-0.5285624170478962,-0.06472617369795618,-0.49165770884194593,0.2735560234168669,0.6077727824623614,1.303428550576552
0.5503749824975906,0.8462343245043359,1.3826177962190827,-1.6268801831833783,-0.3358116822027106,-0.23171441395447623,-0.47748683486002685,-0.24510315360638252,0.2735560234168669,0.6077727824623614,0.041378684145287406
0.5503749824975906,0.8462343245043359,-0.7021834201022757,-1.6268801831833783,-0.3358116822027106,-0.41495392203683423,-0.332125655896249,-0.9601113637895164,0.2735560234168669,0.6077727824623614,-1.220671182285977
0.5503749824975906,0.8462343245043359,0.3402171880584034,0.6146734162335555,-0.3358116822027106,-0.28357119474178355,0.28538815847039684,-0.010876326132597255,0.2735560234168669,-1.6453517315279396,-1.220671182285977
-1.8169430511939695,-1.181705788861412,-0.7021834201022757,0.6146734162335555,-0.3358116822027106,0.04314484816906079,-0.47748683486002685,-0.010876326132597255,2.0888462002362305,-1.6453517315279396,1.303428550576552
0.5503749824975906,0.8462343245043359,-0.7021834201022757,0.6146734162335555,-0.3358116822027106,-0.39736292926092787,0.34505132894060414,-0.6026072586979495,-0.6340890649928148,0.6077727824623614,1.303428550576552
-1.8169430511939695,-1.181705788861412,-0.7021834201022757,-1.6268801831833783,2.9778594760034482,2.213800060912674,-0.47748683486002685,0.9999973503332128,0.2735560234168669,0.6077727824623614,0.041378684145287406
0.5503749824975906,-1.181705788861412,0.3402171880584034,0.6146734162335555,-0.3358116822027106,-0.14614156368001505,0.00876800447216285,-0.3313972479388297,0.2735560234168669,0.6077727824623614,1.303428550576552
0.5503749824975906,0.8462343245043359,-0.7021834201022757,0.6146734162335555,-0.3358116822027106,-0.5128038193528134,0.10233070361862434,-1.0587331858837419,0.2735560234168669,0.6077727824623614,-1.220671182285977
0.5503749824975906,0.8462343245043359,2.425018404379762,0.6146734162335555,-0.3358116822027106,6.379933516673165,-0.47748683486002685,5.622895261000027,-2.4493792418121783,-1.6453517315279396,0.041378684145287406
0.5503749824975906,0.8462343245043359,0.3402171880584034,0.6146734162335555,-0.3358116822027106,-0.6049732919182395,-0.47748683486002685,-1.0217500025984072,0.2735560234168669,0.6077727824623614,-1.220671182285977
0.5503749824975906,-1.181705788861412,-0.7021834201022757,0.6146734162335555,-0.3358116822027106,0.65388212860756,0.6525878530915818,2.0231987545608012,0.2735560234168669,0.6077727824623614,-1.220671182285977
0.5503749824975906,0.8462343245043359,1.3826177962190827,0.6146734162335555,2.9778594760034482,-0.3418413583119734,0.4716999680750897,-0.6889013530303967,0.2735560234168669,0.6077727824623614,1.303428550576552
0.5503749824975906,0.8462343245043359,-0.7021834201022757,0.6146734162335555,-0.3358116822027106,-0.615967662403181,-0.011300516504179613,-0.5409686198890586,0.2735560234168669,0.6077727824623614,1.303428550576552
-1.8169430511939695,-1.181705788861412,-0.7021834201022757,0.6146734162335555,-0.3358116822027106,0.8829315137105076,-0.47748683486002685,0.8643923449536529,0.2735560234168669,0.6077727824623614,0.041378684145287406
0.5503749824975906,0.8462343245043359,0.3402171880584034,0.6146734162335555,-0.3358116822027106,0.571424349970499,-0.47748683486002685,0.10007322372340628,-0.6340890649928148,-1.6453517315279396,0.041378684145287406
0.5503749824975906,0.8462343245043359,1.3826177962190827,-1.6268801831833783,2.9778594760034482,-0.6058894894586513,0.03100609528378558,-0.5779518031743931,0.2735560234168669,0.6077727824623614,0.041378684145287406
-1.8169430511939695,-1.181705788861412,-0.7021834201022757,0.6146734162335555,-0.3358116822027106,-0.8312740843999517,0.5213288780571258,-0.3807081589859424,2.0888462002362305,0.6077727824623614,-1.220671182285977
0.5503749824975906,0.8462343245043359,2.425018404379762,0.6146734162335555,-0.3358116822027106,-0.1554867785922153,0.013649536601543449,0.19869504581763167,0.2735560234168669,-1.6453517315279396,1.303428550576552
-1.8169430511939695,-1.181705788861412,-0.7021834201022757,0.6146734162335555,-0.3358116822027106,-0.5137200168932252,-0.47748683486002685,-1.20666591902508,0.2735560234168669,0.6077727824623614,-1.220671182285977
0.5503749824975906,0.8462343245043359,-0.7021834201022757,-1.6268801831833783,-0.3358116822027106,-0.4730408460989417,0.04076915954254678,-0.3437249757006079,0.2735560234168669,-1.6453517315279396,0.041378684145287406
0.5503749824975906,-1.181705788861412,-0.7021834201022757,0.6146734162335555,-0.3358116822027106,-0.18608777644196908,-0.47748683486002685,-0.565624075412615,0.2735560234168669,-1.6453517315279396,0.041378684145287406
0.5503749824975906,0.8462343245043359,1.3826177962190827,-1.6268801831833783,-0.3358116822027106,-0.584267227504933,-0.03679296206872274,-0.3807081589859424,-2.4493792418121783,0.6077727824623614,0.041378684145287406
-1.8169430511939695,-1.181705788861412,-0.7021834201022757,0.6146734162335555,-0.3358116822027106,-0.2601165377072417,-0.025673916662911377,-0.10949814822682262,0.2735560234168669,0.6077727824623614,-1.220671182285977
0.5503749824975906,-1.181705788861412,1.3826177962190827,0.6146734162335555,-0.3358116822027106,0.06421739159853196,0.7830332394378079,0.223350501341188,0.2735560234168669,0.6077727824623614,-1.220671182285977
-1.8169430511939695,0.8462343245043359,-0.7021834201022757,0.6146734162335555,-0.3358116822027106,0.09738374256143877,-0.47748683486002685,1.1232746279509944,0.2735560234168669,-1.6453517315279396,0.041378684145287406
-1.8169430511939695,-1.181705788861412,-0.7021834201022757,0.6146734162335555,-0.3358116822027106,0.5774712537372167,-0.47748683486002685,1.6780223772310123,0.2735560234168669,0.6077727824623614,0.041378684145287406
0.5503749824975906,0.8462343245043359,-0.7021834201022757,0.6146734162335555,-0.3358116822027106,-0.10198084223216675,0.2973207925644383,-0.40536361450949876,-4.990785489359287,0.6077727824623614,1.303428550576552
-1.8169430511939695,-1.181705788861412,1.3826177962190827,-1.6268801831833783,-0.3358116822027106,-0.6044235733939924,-0.47748683486002685,-0.2944140646534952,0.2735560234168669,-1.6453517315279396,1.303428550576552
0.5503749824975906,0.8462343245043359,0.3402171880584034,0.6146734162335555,-0.3358116822027106,-0.23024849788981736,0.4773950888927004,0.8150814339065402,0.2735560234168669,-1.6453517315279396,1.303428550576552
0.5503749824975906,0.8462343245043359,0.3402171880584034,0.6146734162335555,-0.3358116822027106,1.7227181792519544,-0.47748683486002685,0.506888239862086,-2.4493792418121783,0.6077727824623614,-1.220671182285977
-1.8169430511939695,0.8462343245043359,1.3826177962190827,0.6146734162335555,-0.3358116822027106,-0.1646487539963332,0.1687737798240825,-0.208119970321048,0.2735560234168669,0.6077727824623614,0.041378684145287406
0.5503749824975906,-1.181705788861412,-0.7021834201022757,0.6146734162335555,-0.3358116822027106,-0.010544327699070105,-0.47748683486002685,-0.24510315360638252,0.2735560234168669,-1.6453517315279396,-1.220671182285977
-1.8169430511939695,0.8462343245043359,-0.7021834201022757,-1.6268801831833783,-0.3358116822027106,-0.4189851912146461,0.3987481823637907,-0.2944140646534952,0.2735560234168669,-1.6453517315279396,1.303428550576552
0.5503749824975906,0.8462343245043359,0.3402171880584034,0.6146734162335555,-0.3358116822027106,0.16188404940642878,0.06599040887767987,1.3081905443776671,0.2735560234168669,0.6077727824623614,0.041378684145287406
0.5503749824975906,0.8462343245043359,-0.7021834201022757,0.6146734162335555,-0.3358116822027106,-0.29108401457316024,0.6794362798031752,-0.14648133151215714,-2.4493792418121783,-1.6453517315279396,-1.220671182285977
0.5503749824975906,-1.181705788861412,1.3826177962190827,0.6146734162335555,-0.3358116822027106,-0.29951303194494866,-0.47748683486002685,-0.7875231751246221,0.2735560234168669,-1.6453517315279396,-1.220671182285977
0.5503749824975906,0.8462343245043359,-0.7021834201022757,-1.6268801831833783,-0.3358116822027106,-0.5219657947569313,-0.06635335107441637,-0.6026072586979495,0.2735560234168669,0.6077727824623614,1.303428550576552
0.5503749824975906,0.8462343245043359,-0.7021834201022757,0.6146734162335555,-0.3358116822027106,-0.5587969358814853,-0.046013633868663875,-0.5902795309361714,0.2735560234168669,0.6077727824623614,0.041378684145287406
0.5503749824975906,0.8462343245043359,-0.7021834201022757,-1.6268801831833783,-0.3358116822027106,-0.6027744178212512,0.3171181173113707,-0.5286408921272805,0.2735560234168669,-1.6453517315279396,1.303428550576552
0.5503749824975906,0.8462343245043359,1.3826177962190827,-1.6268801831833783,-0.3358116822027106,-0.21888764838871116,-0.09482895516246986,0.16171186253229713,0.2735560234168669,0.6077727824623614,-1.220671182285977
0.5503749824975906,-1.181705788861412,-0.7021834201022757,-1.6268801831833783,-0.3358116822027106,-0.2471065326333943,-0.47748683486002685,-0.4176913422712769,0.2735560234168669,0.6077727824623614,-1.220671182285977
0.5503749824975906,0.8462343245043359,0.3402171880584034,0.6146734162335555,-0.3358116822027106,0.1417277035173694,1.0479919555714103,2.109492848893248,0.2735560234168669,0.6077727824623614,1.303428550576552
0.5503749824975906,0.8462343245043359,-0.7021834201022757,0.6146734162335555,-0.3358116822027106,-0.49136479690717755,0.5519740519804596,-0.2944140646534952,0.2735560234168669,0.6077727824623614,1.303428550576552
0.5503749824975906,-1.181705788861412,-0.7021834201022757,-1.6268801831833783,-0.3358116822027106,-0.53662495540352,-0.47748683486002685,-0.7751954473628438,1.408112383928969,-1.6453517315279396,-1.220671182285977
-1.8169430511939695,-1.181705788861412,-0.7021834201022757,0.6146734162335555,-0.3358116822027106,0.9639233762829098,0.48498858331618133,0.297316867911857,-2.0863212064483054,-1.6453517315279396,0.041378684145287406
0.5503749824975906,-1.181705788861412,-0.7021834201022757,0.6146734162335555,-0.3358116822027106,0.14997348138107552,-0.47748683486002685,-0.035531781656153595,0.2735560234168669,0.6077727824623614,1.303428550576552
0.5503749824975906,0.8462343245043359,-0.7021834201022757,0.6146734162335555,-0.3358116822027106,2.867965104766692,1.3305784266166651,4.143567929586646,0.2735560234168669,0.6077727824623614,1.303428550576552
-1.8169430511939695,0.8462343245043359,1.3826177962190827,0.6146734162335555,-0.3358116822027106,-0.5773041261978035,-0.03489458846285251,-0.3807081589859424,2.0888462002362305,0.6077727824623614,0.041378684145287406
0.5503749824975906,-1.181705788861412,0.3402171880584034,0.6146734162335555,-0.3358116822027106,-0.2775242909750657,-0.47748683486002685,-0.3807081589859424,-2.4493792418121783,0.6077727824623614,1.303428550576552
0.5503749824975906,0.8462343245043359,-0.7021834201022757,0.6146734162335555,-0.3358116822027106,-0.4915480364152599,0.189113497029835,0.19869504581763167,0.2735560234168669,0.6077727824623614,0.041378684145287406
0.5503749824975906,0.8462343245043359,-0.7021834201022757,-1.6268801831833783,-0.3358116822027106,-0.13093268450917933,-0.47748683486002685,-0.2944140646534952,0.2735560234168669,0.6077727824623614,-1.220671182285977
0.5503749824975906,0.8462343245043359,-0.7021834201022757,0.6146734162335555,-0.3358116822027106,0.21099223757250074,0.7654054845261558,1.4191400942336707,0.2735560234168669,0.6077727824623614,0.041378684145287406
-1.8169430511939695,-1.181705788861412,2.425018404379762,0.6146734162335555,-0.3358116822027106,-0.7816161777096327,9.539145898399553,2.430013770699481,-2.071193788308144,0.6077727824623614,0.041378684145287406
-1.8169430511939695,-1.181705788861412,-0.7021834201022757,0.6146734162335555,-0.3358116822027106,-0.3563172794504797,-0.47748683486002685,-1.4039095632135306,0.2735560234168669,0.6077727824623614,1.303428550576552
0.5503749824975906,-1.181705788861412,-0.7021834201022757,0.6146734162335555,-0.3358116822027106,-0.36914404501624476,-0.47748683486002685,-0.8614895416952911,0.2735560234168669,0.6077727824623614,1.303428550576552
0.5503749824975906,-1.181705788861412,-0.7021834201022757,0.6146734162335555,-0.3358116822027106,-0.09153619027147235,0.049447438883667844,0.37128323448252604,0.2735560234168669,0.6077727824623614,0.041378684145287406
0.5503749824975906,0.8462343245043359,-0.7021834201022757,0.6146734162335555,-0.3358116822027106,-0.5723566594795798,0.1012459187009842,-0.6889013530303967,0.2735560234168669,0.6077727824623614,1.303428550576552
0.5503749824975906,0.8462343245043359,-0.7021834201022757,-1.6268801831833783,2.9778594760034482,-0.4713916905262005,0.457868960375178,0.2603336846265225,-2.4493792418121783,-1.6453517315279396,-1.220671182285977
0.5503749824975906,-1.181705788861412,0.3402171880584034,0.6146734162335555,-0.3358116822027106,5.962147438245389,-0.47748683486002685,0.10007322372340628,0.2735560234168669,0.6077727824623614,0.041378684145287406
0.5503749824975906,0.8462343245043359,0.3402171880584034,0.6146734162335555,-0.3358116822027106,-0.445554919886588,0.022056619713254483,-0.35605270346238604,0.2735560234168669,0.6077727824623614,0.041378684145287406
0.5503749824975906,0.8462343245043359,0.3402171880584034,0.6146734162335555,-0.3358116822027106,0.08565641404416785,-0.47748683486002685,-1.2313213745486362,0.2735560234168669,0.6077727824623614,1.303428550576552
0.5503749824975906,-1.181705788861412,-0.7021834201022757,-1.6268801831833783,-0.3358116822027106,-0.05433857013075367,-0.47748683486002685,-1.1820104635015236,0.2735560234168669,0.6077727824623614,-1.220671182285977
0.5503749824975906,0.8462343245043359,-0.7021834201022757,0.6146734162335555,-0.3358116822027106,2.8375473464250205,-0.47748683486002685,-0.2944140646534952,0.2735560234168669,0.6077727824623614,-1.220671182285977
0.5503749824975906,0.8462343245043359,-0.7021834201022757,-1.6268801831833783,-0.3358116822027106,-0.5901308917635685,-0.12249097056229327,-0.46700225331838957,0.2735560234168669,-1.6453517315279396,0.041378684145287406
0.5503749824975906,0.8462343245043359,-0.7021834201022757,0.6146734162335555,-0.3358116822027106,-0.27001147114368906,0.2192162784943487,0.3589555067207479,0.2735560234168669,0.6077727824623614,1.303428550576552
0.5503749824975906,0.8462343245043359,-0.7021834201022757,0.6146734162335555,-0.3358116822027106,-0.4944798685445776,0.19128306686511526,-0.6642458975068404,-2.4493792418121783,-1.6453517315279396,-1.220671182285977
0.5503749824975906,0.8462343245043359,-0.7021834201022757,0.6146734162335555,-0.3358116822027106,-0.36804460796775057,0.34179697418768373,-0.08484269270326629,0.2735560234168669,0.6077727824623614,1.303428550576552
-1.8169430511939695,0.8462343245043359,-0.7021834201022757,0.6146734162335555,-0.3358116822027106,-0.16354931694783906,0.3179317059996008,0.24800595686474436,-3.402406584642344,0.6077727824623614,-1.220671182285977
0.5503749824975906,0.8462343245043359,2.425018404379762,0.6146734162335555,-0.3358116822027106,0.2263843562514188,-0.47748683486002685,0.16171186253229713,-2.4493792418121783,0.6077727824623614,-1.220671182285977
-1.8169430511939695,-1.181705788861412,0.3402171880584034,0.6146734162335555,-0.3358116822027106,-0.2509545623031238,-0.47748683486002685,-0.39303588674772055,0.2735560234168669,0.6077727824623614,-1.220671182285977
0.5503749824975906,-1.181705788861412,-0.7021834201022757,-1.6268801831833783,-0.3358116822027106,0.15730306170436983,-0.47748683486002685,-0.25743088136816067,0.10715442387509194,-1.6453517315279396,-1.220671182285977
0.5503749824975906,0.8462343245043359,-0.7021834201022757,0.6146734162335555,-0.3358116822027106,1.0355700239431118,-0.47748683486002685,1.1109469001892163,0.2735560234168669,0.6077727824623614,0.041378684145287406
-1.8169430511939695,-1.181705788861412,0.3402171880584034,0.6146734162335555,-0.3358116822027106,-0.2802728835963011,-0.47748683486002685,-0.6026072586979495,0.2735560234168669,0.6077727824623614,0.041378684145287406
0.5503749824975906,-1.181705788861412,1.3826177962190827,-1.6268801831833783,-0.3358116822027106,-0.3024448640742664,-0.47748683486002685,-0.7875231751246221,-1.4660970627016896,-1.6453517315279396,-1.220671182285977
-1.8169430511939695,-1.181705788861412,-0.7021834201022757,-1.6268801831833783,-0.3358116822027106,-0.5144529749255546,-0.47748683486002685,-1.6258086629255377,0.2735560234168669,0.6077727824623614,0.041378684145287406
0.5503749824975906,0.8462343245043359,-0.7021834201022757,0.6146734162335555,-0.3358116822027106,0.14997348138107552,0.13270468131254806,1.4931064608043396,0.2735560234168669,0.6077727824623614,0.041378684145287406
0.5503749824975906,0.8462343245043359,0.3402171880584034,0.6146734162335555,2.9778594760034482,-0.4189851912146461,-0.47748683486002685,-0.6026072586979495,0.2735560234168669,0.6077727824623614,0.041378684145287406
0.5503749824975906,0.8462343245043359,0.3402171880584034,-1.6268801831833783,-0.3358116822027106,-0.3081252888248195,-0.18378131840896078,-0.10949814822682262,0.2735560234168669,0.6077727824623614,1.303428550576552
0.5503749824975906,0.8462343245043359,1.3826177962190827,0.6146734162335555,2.9778594760034482,-0.4499526680805646,-0.47748683486002685,-0.46700225331838957,0.2735560234168669,-1.6453517315279396,0.041378684145287406
-1.8169430511939695,-1.181705788861412,-0.7021834201022757,-1.6268801831833783,-0.3358116822027106,-0.6000258252000158,0.1638922476947019,-0.2944140646534952,0.2735560234168669,0.6077727824623614,1.303428550576552
0.5503749824975906,-1.181705788861412,-0.7021834201022757,0.6146734162335555,-0.3358116822027106,-0.38710151680831584,-0.47748683486002685,-0.8984727249806256,2.0888462002362305,0.6077727824623614,1.303428550576552
-1.8169430511939695,-1.181705788861412,-0.7021834201022757,0.6146734162335555,2.9778594760034482,-0.31490515062386676,-0.47748683486002685,-0.2697586091299389,0.2735560234168669,0.6077727824623614,1.303428550576552
0.5503749824975906,-1.181705788861412,1.3826177962190827,0.6146734162335555,-0.3358116822027106,-0.28668626637918365,-0.47748683486002685,-0.4546745255566114,0.2735560234168669,0.6077727824623614,0.041378684145287406
0.5503749824975906,0.8462343245043359,-0.7021834201022757,0.6146734162335555,-0.3358116822027106,0.39423174565485875,1.7823913448137807,0.38361096224430424,-0.6340890649928148,0.6077727824623614,-1.220671182285977
0.5503749824975906,0.8462343245043359,-0.7021834201022757,0.6146734162335555,-0.3358116822027106,2.1091703017976475,-0.47748683486002685,-0.4176913422712769,0.2735560234168669,0.6077727824623614,0.041378684145287406
0.5503749824975906,0.8462343245043359,1.3826177962190827,-1.6268801831833783,-0.3358116822027106,-0.27605837491040686,-0.4118573473427988,-0.44234679779483327,0.2735560234168669,0.6077727824623614,0.041378684145287406
0.5503749824975906,0.8462343245043359,-0.7021834201022757,0.6146734162335555,2.9778594760034482,6.2238134557869955,0.8106952548376313,-0.2944140646534952,0.2735560234168669,0.6077727824623614,0.041378684145287406
0.5503749824975906,0.8462343245043359,1.3826177962190827,-1.6268801831833783,-0.3358116822027106,-0.079075903721872,-0.47748683486002685,-0.4793299810801678,0.2735560234168669,-1.6453517315279396,0.041378684145287406
0.5503749824975906,-1.181705788861412,-0.7021834201022757,0.6146734162335555,-0.3358116822027106,-0.49136479690717755,-0.47748683486002685,-1.0957163691690763,0.2735560234168669,0.6077727824623614,0.041378684145287406
0.5503749824975906,0.8462343245043359,-0.7021834201022757,0.6146734162335555,-0.3358116822027106,1.0929239899728898,-0.47748683486002685,-0.09717042046504445,0.2735560234168669,0.6077727824623614,1.303428550576552
0.5503749824975906,-1.181705788861412,-0.7021834201022757,0.6146734162335555,-0.3358116822027106,0.11607417238583928,0.5167185421571552,2.0601819378461355,0.2735560234168669,0.6077727824623614,-1.220671182285977
0.5503749824975906,-1.181705788861412,-0.7021834201022757,0.6146734162335555,-0.3358116822027106,-0.6808344482643357,0.31494854747609047,-0.39303588674772055,0.2735560234168669,0.6077727824623614,-1.220671182285977
0.5503749824975906,0.8462343245043359,-0.7021834201022757,-1.6268801831833783,-0.3358116822027106,-0.16153368235893312,0.06870237117178021,0.6178377897180894,0.2735560234168669,0.6077727824623614,-1.220671182285977
-1.8169430511939695,-1.181705788861412,0.3402171880584034,-1.6268801831833783,-0.3358116822027106,-0.1100433805877905,-0.47748683486002685,-0.639590441983284,0.2735560234168669,0.6077727824623614,0.041378684145287406
0.5503749824975906,0.8462343245043359,1.3826177962190827,-1.6268801831833783,-0.3358116822027106,-0.3497206571595148,0.01609030266623375,-0.7751954473628438,0.2735560234168669,0.6077727824623614,1.303428550576552
0.5503749824975906,-1.181705788861412,-0.7021834201022757,0.6146734162335555,-0.3358116822027106,0.04314484816906079,-0.47748683486002685,0.297316867911857,0.2735560234168669,0.6077727824623614,1.303428550576552
0.5503749824975906,0.8462343245043359,-0.7021834201022757,-1.6268801831833783,-0.3358116822027106,-0.4730408460989417,-0.016453244862970246,-0.4546745255566114,0.2735560234168669,0.6077727824623614,-1.220671182285977
-1.8169430511939695,0.8462343245043359,-0.7021834201022757,-1.6268801831833783,-0.3358116822027106,-0.5756549706250622,0.3323051061583326,-0.23277542584460434,0.2735560234168669,-1.6453517315279396,0.041378684145287406
-1.8169430511939695,0.8462343245043359,1.3826177962190827,0.6146734162335555,-0.3358116822027106,1.7745749600392617,-0.47748683486002685,-0.9108004527424037,0.2735560234168669,0.6077727824623614,1.303428550576552
0.5503749824975906,0.8462343245043359,0.3402171880584034,0.6146734162335555,-0.3358116822027106,-0.32644923963305533,0.20050373866505639,0.3589555067207479,0.2735560234168669,0.6077727824623614,0.041378684145287406
-1.8169430511939695,0.8462343245043359,-0.7021834201022757,0.6146734162335555,-0.3358116822027106,-0.28522035031452475,-0.47748683486002685,-0.44234679779483327,0.2735560234168669,0.6077727824623614,0.041378684145287406
0.5503749824975906,-1.181705788861412,-0.7021834201022757,-1.6268801831833783,-0.3358116822027106,-0.2731265427810891,-0.47748683486002685,-0.4176913422712769,0.2735560234168669,0.6077727824623614,-1.220671182285977
0.5503749824975906,0.8462343245043359,-0.7021834201022757,0.6146734162335555,-0.3358116822027106,-0.26927851311135964,0.2688451884763848,0.21102277357940982,0.2735560234168669,0.6077727824623614,0.041378684145287406
-1.8169430511939695,-1.181705788861412,1.3826177962190827,0.6146734162335555,-0.3358116822027106,-0.3215017729148317,-0.47748683486002685,-0.07251496494148811,0.2735560234168669,0.6077727824623614,1.303428550576552
0.5503749824975906,0.8462343245043359,2.425018404379762,0.6146734162335555,-0.3358116822027106,-0.3143554320996197,0.4521738395575673,0.07541776819984995,0.2735560234168669,0.6077727824623614,-1.220671182285977
0.5503749824975906,0.8462343245043359,-0.7021834201022757,0.6146734162335555,-0.3358116822027106,-0.4391415371037055,0.06924476363060028,-0.4176913422712769,0.2735560234168669,0.6077727824623614,-1.220671182285977
-1.8169430511939695,-1.181705788861412,-0.7021834201022757,-1.6268801831833783,-0.3358116822027106,-0.4741402831474359,0.04022676708372671,-0.35605270346238604,0.2735560234168669,-1.6453517315279396,0.041378684145287406
-1.8169430511939695,-1.181705788861412,-0.7021834201022757,0.6146734162335555,-0.3358116822027106,-0.10967690157162578,-0.47748683486002685,-0.13415360375037896,0.2735560234168669,-1.6453517315279396,0.041378684145287406
0.5503749824975906,0.8462343245043359,0.3402171880584034,0.6146734162335555,-0.3358116822027106,1.4035149561724867,2.4969934093092183,2.528635592793706,0.2735560234168669,0.6077727824623614,0.041378684145287406
0.5503749824975906,0.8462343245043359,1.3826177962190827,0.6146734162335555,2.9778594760034482,0.14997348138107552,-0.47748683486002685,0.7534427950976493,-1.5417341534024964,0.6077727824623614,0.041378684145287406
-1.8169430511939695,-1.181705788861412,-0.7021834201022757,0.6146734162335555,-0.3358116822027106,-0.3246168445522317,-0.47748683486002685,-0.6889013530303967,0.2735560234168669,0.6077727824623614,1.303428550576552
0.5503749824975906,0.8462343245043359,2.425018404379762,-1.6268801831833783,-0.3358116822027106,-0.30409401964700766,-0.47748683486002685,-0.7751954473628438,-2.4493792418121783,0.6077727824623614,-1.220671182285977
0.5503749824975906,0.8462343245043359,-0.7021834201022757,-1.6268801831833783,-0.3358116822027106,-0.4226499813762933,-0.0028934333924685814,-0.4793299810801678,0.2735560234168669,0.6077727824623614,0.041378684145287406
0.5503749824975906,0.8462343245043359,-0.7021834201022757,0.6146734162335555,-0.3358116822027106,2.665851927351851,0.9506325092132085,5.253063428146682,0.2735560234168669,0.6077727824623614,-1.220671182285977
0.5503749824975906,0.8462343245043359,-0.7021834201022757,-1.6268801831833783,-0.3358116822027106,-0.41916843072272847,0.27969303765278614,0.1370564070087408,0.2735560234168669,0.6077727824623614,-1.220671182285977
-1.8169430511939695,-1.181705788861412,-0.7021834201022757,0.6146734162335555,-0.3358116822027106,-0.41806899367423433,-0.47748683486002685,-0.8984727249806256,0.2735560234168669,0.6077727824623614,-1.220671182285977
0.5503749824975906,0.8462343245043359,1.3826177962190827,-1.6268801831833783,-0.3358116822027106,-0.5263635429509079,-0.13713556695043505,-0.23277542584460434,0.2735560234168669,-1.6453517315279396,-1.220671182285977
0.5503749824975906,0.8462343245043359,2.425018404379762,-1.6268801831833783,-0.3358116822027106,-0.07815970618146022,-0.47748683486002685,-0.6026072586979495,0.2735560234168669,-1.6453517315279396,0.041378684145287406
0.5503749824975906,-1.181705788861412,-0.7021834201022757,0.6146734162335555,-0.3358116822027106,-0.05250617504993009,-0.47748683486002685,-0.5163131643655022,0.2735560234168669,0.6077727824623614,0.041378684145287406
0.5503749824975906,0.8462343245043359,1.3826177962190827,-1.6268801831833783,-0.3358116822027106,-0.07376195798748361,-0.47748683486002685,-0.5163131643655022,0.2735560234168669,-1.6453517315279396,-1.220671182285977
0.5503749824975906,-1.181705788861412,-0.7021834201022757,0.6146734162335555,-0.3358116822027106,-0.33872628667457333,-0.47748683486002685,-0.9108004527424037,0.2735560234168669,0.6077727824623614,1.303428550576552
0.5503749824975906,-1.181705788861412,0.3402171880584034,0.6146734162335555,-0.3358116822027106,-0.2976806368641251,-0.47748683486002685,-0.7382122640775094,0.2735560234168669,-1.6453517315279396,-1.220671182285977
0.5503749824975906,0.8462343245043359,1.3826177962190827,0.6146734162335555,-0.3358116822027106,-0.2683623155709478,-0.47748683486002685,-0.2944140646534952,0.2735560234168669,0.6077727824623614,0.041378684145287406
0.5503749824975906,-1.181705788861412,-0.7021834201022757,-1.6268801831833783,-0.3358116822027106,-0.5727231384957445,-0.47748683486002685,-0.49165770884194593,0.2735560234168669,-1.6453517315279396,1.303428550576552
0.5503749824975906,0.8462343245043359,-0.7021834201022757,0.6146734162335555,-0.3358116822027106,-0.079075903721872,0.15521396835358084,-0.17113678703571347,0.2735560234168669,0.6077727824623614,1.303428550576552
0.5503749824975906,0.8462343245043359,0.3402171880584034,-1.6268801831833783,-0.3358116822027106,-0.20734355937952262,0.9603955734719697,-0.07251496494148811,0.2735560234168669,0.6077727824623614,-1.220671182285977
0.5503749824975906,0.8462343245043359,0.3402171880584034,0.6146734162335555,-0.3358116822027106,5.252460823442417,-0.47748683486002685,1.4314678219954489,0.2735560234168669,0.6077727824623614,0.041378684145287406
0.5503749824975906,-1.181705788861412,-0.7021834201022757,0.6146734162335555,-0.3358116822027106,-0.09190266928763706,0.08849969591871264,-0.2944140646534952,0.2735560234168669,0.6077727824623614,0.041378684145287406
0.5503749824975906,-1.181705788861412,1.3826177962190827,0.6146734162335555,-0.3358116822027106,-0.292000212113572,-0.47748683486002685,-0.4176913422712769,0.2735560234168669,-1.6453517315279396,-1.220671182285977
0.5503749824975906,0.8462343245043359,2.425018404379762,0.6146734162335555,-0.3358116822027106,-0.15383762301947407,-0.42623074750153056,-0.24510315360638252,0.2735560234168669,0.6077727824623614,0.041378684145287406
0.5503749824975906,-1.181705788861412,-0.7021834201022757,-1.6268801831833783,-0.3358116822027106,0.18552194594905297,-0.47748683486002685,0.0507623126762936,0.2735560234168669,-1.6453517315279396,-1.220671182285977
0.5503749824975906,-1.181705788861412,-0.7021834201022757,0.6146734162335555,2.9778594760034482,0.9591591490727684,-0.47748683486002685,0.5315436953856423,0.2735560234168669,-1.6453517315279396,1.303428550576552
0.5503749824975906,-1.181705788861412,0.3402171880584034,0.6146734162335555,-0.3358116822027106,-0.04316096013772983,0.07521108067762101,0.506888239862086,0.2735560234168669,0.6077727824623614,-1.220671182285977
0.5503749824975906,0.8462343245043359,-0.7021834201022757,0.6146734162335555,-0.3358116822027106,0.11717360943433343,-0.47748683486002685,0.001451401629180917,0.2735560234168669,0.6077727824623614,1.303428550576552
0.5503749824975906,0.8462343245043359,0.3402171880584034,0.6146734162335555,-0.3358116822027106,0.14997348138107552,-0.47748683486002685,0.19869504581763167,0.2735560234168669,0.6077727824623614,-1.220671182285977
0.5503749824975906,0.8462343245043359,1.3826177962190827,0.6146734162335555,-0.3358116822027106,-0.3478882620786912,0.07439749198939091,0.0507623126762936,0.2735560234168669,0.6077727824623614,1.303428550576552
0.5503749824975906,0.8462343245043359,1.3826177962190827,0.6146734162335555,-0.3358116822027106,-0.30629289374399593,0.7201157142146802,1.2218964500452199,0.2735560234168669,0.6077727824623614,-1.220671182285977
0.5503749824975906,-1.181705788861412,0.3402171880584034,0.6146734162335555,-0.3358116822027106,-0.3883841933648923,0.06138007297770931,-0.40536361450949876,-2.4493792418121783,-1.6453517315279396,1.303428550576552
0.5503749824975906,-1.181705788861412,-0.7021834201022757,0.6146734162335555,-0.3358116822027106,-0.40615842564888105,1.068602869006573,0.1370564070087408,-4.2646694186315415,0.6077727824623614,1.303428550576552
0.5503749824975906,-1.181705788861412,-0.7021834201022757,-1.6268801831833783,-0.3358116822027106,-0.4516018236533058,-0.47748683486002685,-1.0340777303601856,-2.4493792418121783,0.6077727824623614,1.303428550576552
0.5503749824975906,0.8462343245043359,-0.7021834201022757,-1.6268801831833783,-0.3358116822027106,-0.2980471158802898,0.6368584717858,0.11240095148518446,0.22817376899638284,-1.6453517315279396,-1.220671182285977
0.5503749824975906,-1.181705788861412,-0.7021834201022757,-1.6268801831833783,-0.3358116822027106,-0.5219657947569313,-0.08398110598606853,-0.5163131643655022,2.0888462002362305,-1.6453517315279396,1.303428550576552
-1.8169430511939695,0.8462343245043359,-0.7021834201022757,-1.6268801831833783,-0.3358116822027106,-0.39662997122859844,-0.29768373476117477,-0.5163131643655022,0.2735560234168669,0.6077727824623614,0.041378684145287406
0.5503749824975906,0.8462343245043359,-0.7021834201022757,-1.6268801831833783,-0.3358116822027106,-0.5393735480247553,-0.47748683486002685,-0.8491618139335129,0.2735560234168669,-1.6453517315279396,0.041378684145287406
-1.8169430511939695,-1.181705788861412,2.425018404379762,0.6146734162335555,-0.3358116822027106,-0.8732359317508116,10.822446455967832,2.540963320555484,-2.4493792418121783,0.6077727824623614,1.303428550576552
0.5503749824975906,0.8462343245043359,-0.7021834201022757,0.6146734162335555,2.9778594760034482,-0.495212826576907,0.33962740435240346,0.5438714231474204,0.2735560234168669,0.6077727824623614,1.303428550576552
0.5503749824975906,-1.181705788861412,-0.7021834201022757,-1.6268801831833783,-0.3358116822027106,-0.4822028215030596,0.07629586559526114,-0.22044769808282616,0.2735560234168669,0.6077727824623614,-1.220671182285977
0.5503749824975906,-1.181705788861412,-0.7021834201022757,0.6146734162335555,-0.3358116822027106,0.10892783157062731,0.7575407938732648,1.1356023557127728,-0.1500116845076512,0.6077727824623614,0.041378684145287406
0.5503749824975906,0.8462343245043359,0.3402171880584034,0.6146734162335555,-0.3358116822027106,0.2232692846140187,1.4886858283627145,0.4452496010531951,0.2735560234168669,-1.6453517315279396,1.303428550576552
0.5503749824975906,0.8462343245043359,-0.7021834201022757,-1.6268801831833783,-0.3358116822027106,-0.700990794153395,0.33122032124069245,-0.5163131643655022,0.2735560234168669,-1.6453517315279396,1.303428550576552
-1.8169430511939695,-1.181705788861412,0.3402171880584034,-1.6268801831833783,-0.3358116822027106,-0.10546239288573156,-0.47748683486002685,-0.7751954473628438,0.2735560234168669,0.6077727824623614,-1.220671182285977
-1.8169430511939695,-1.181705788861412,-0.7021834201022757,0.6146734162335555,-0.3358116822027106,-0.3667619314111741,-0.47748683486002685,-0.8984727249806256,0.2735560234168669,-1.6453517315279396,1.303428550576552
0.5503749824975906,-1.181705788861412,-0.7021834201022757,-1.6268801831833783,-0.3358116822027106,-0.522332273773096,-0.08669306828016887,-0.5039854366037241,1.9980816913952621,-1.6453517315279396,0.041378684145287406
0.5503749824975906,0.8462343245043359,-0.7021834201022757,0.6146734162335555,2.9778594760034482,-0.47725535478483594,0.539499025427598,0.10007322372340628,0.2735560234168669,0.6077727824623614,-1.220671182285977
0.5503749824975906,-1.181705788861412,-0.7021834201022757,-1.6268801831833783,-0.3358116822027106,-0.5357087578631081,-0.47748683486002685,-0.7012290807921748,1.19632852996671,-1.6453517315279396,-1.220671182285977
0.5503749824975906,0.8462343245043359,0.3402171880584034,0.6146734162335555,-0.3358116822027106,-0.5437712962187319,-0.0983545061448003,-0.7258845363157312,0.2735560234168669,0.6077727824623614,1.303428550576552
0.5503749824975906,0.8462343245043359,1.3826177962190827,0.6146734162335555,-0.3358116822027106,-0.5747387730846504,-0.038420139445182945,-0.5286408921272805,0.2735560234168669,0.6077727824623614,-1.220671182285977
-1.8169430511939695,-1.181705788861412,-0.7021834201022757,0.6146734162335555,2.9778594760034482,-0.4730408460989417,-0.01184290896299968,-0.5532963476508368,-0.6340890649928148,0.6077727824623614,0.041378684145287406
0.5503749824975906,0.8462343245043359,2.425018404379762,-1.6268801831833783,-0.3358116822027106,-0.38233728959817453,-0.47748683486002685,-0.3807081589859424,0.2735560234168669,0.6077727824623614,-1.220671182285977
0.5503749824975906,0.8462343245043359,2.425018404379762,0.6146734162335555,-0.3358116822027106,-0.32644923963305533,0.20050373866505639,-0.25743088136816067,0.2735560234168669,-1.6453517315279396,-1.220671182285977
0.5503749824975906,0.8462343245043359,-0.7021834201022757,0.6146734162335555,-0.3358116822027106,-0.39974504286599855,0.4489194848046469,-1.0833886414072982,-2.4493792418121783,0.6077727824623614,0.041378684145287406
0.5503749824975906,0.8462343245043359,-0.7021834201022757,0.6146734162335555,-0.3358116822027106,0.07081401388949685,0.10341548853626448,0.38361096224430424,0.2735560234168669,0.6077727824623614,-1.220671182285977
0.5503749824975906,-1.181705788861412,-0.7021834201022757,0.6146734162335555,2.9778594760034482,0.3487883476504339,-0.47748683486002685,-0.7382122640775094,0.2735560234168669,0.6077727824623614,0.041378684145287406
0.5503749824975906,0.8462343245043359,1.3826177962190827,0.6146734162335555,-0.3358116822027106,-0.3491709386352677,-0.34622785982557075,-0.10949814822682262,0.2735560234168669,0.6077727824623614,0.041378684145287406
-1.8169430511939695,-1.181705788861412,-0.7021834201022757,0.6146734162335555,-0.3358116822027106,-0.18718721349046322,-0.47748683486002685,-0.8984727249806256,0.2735560234168669,0.6077727824623614,0.041378684145287406
0.5503749824975906,0.8462343245043359,-0.7021834201022757,-1.6268801831833783,-0.3358116822027106,-0.39974504286599855,-0.025673916662911377,-0.5409686198890586,2.0888462002362305,-1.6453517315279396,1.303428550576552
0.5503749824975906,-1.181705788861412,-0.7021834201022757,-1.6268801831833783,-0.3358116822027106,-0.5829845509483566,-0.47748683486002685,-0.2944140646534952,0.2735560234168669,0.6077727824623614,1.303428550576552
0.5503749824975906,-1.181705788861412,-0.7021834201022757,0.6146734162335555,-0.3358116822027106,-0.5032753649325308,-0.47748683486002685,-0.8491618139335129,0.2735560234168669,0.6077727824623614,1.303428550576552
0.5503749824975906,-1.181705788861412,-0.7021834201022757,0.6146734162335555,-0.3358116822027106,0.20073082511988868,-0.47748683486002685,-0.31906952017705154,0.2735560234168669,-1.6453517315279396,-1.220671182285977
0.5503749824975906,0.8462343245043359,-0.7021834201022757,0.6146734162335555,-0.3358116822027106,0.19578335840166503,-0.47748683486002685,-0.19579224255926983,0.2735560234168669,0.6077727824623614,0.041378684145287406
0.5503749824975906,0.8462343245043359,1.3826177962190827,0.6146734162335555,-0.3358116822027106,0.8285093798100472,-0.47748683486002685,-0.39303588674772055,0.2735560234168669,0.6077727824623614,1.303428550576552
0.5503749824975906,0.8462343245043359,-0.7021834201022757,0.6146734162335555,-0.3358116822027106,-0.7616430713286556,1.0140924268951563,0.8890478004772092,0.2735560234168669,0.6077727824623614,-1.220671182285977
0.5503749824975906,0.8462343245043359,1.3826177962190827,0.6146734162335555,-0.3358116822027106,-0.3814210920577627,-0.09781211368598024,-0.3807081589859424,0.2735560234168669,0.6077727824623614,1.303428550576552
0.5503749824975906,0.8462343245043359,-0.7021834201022757,0.6146734162335555,-0.3358116822027106,-0.5128038193528134,0.4266813939930242,0.34662777895896973,0.2735560234168669,0.6077727824623614,0.041378684145287406
0.5503749824975906,0.8462343245043359,-0.7021834201022757,-1.6268801831833783,-0.3358116822027106,-0.2505880832869591,-0.07530282664494747,-0.24510315360638252,-0.6340890649928148,0.6077727824623614,0.041378684145287406
0.5503749824975906,0.8462343245043359,0.3402171880584034,-1.6268801831833783,-0.3358116822027106,-0.48953240182635394,0.060295288060069174,-0.04785950941793177,-2.4493792418121783,0.6077727824623614,1.303428550576552
0.5503749824975906,-1.181705788861412,-0.7021834201022757,0.6146734162335555,-0.3358116822027106,-0.2619489327880653,0.7925251074671591,0.42059414552963875,0.2735560234168669,-1.6453517315279396,1.303428550576552
0.5503749824975906,-1.181705788861412,-0.7021834201022757,-1.6268801831833783,-0.3358116822027106,0.19999786708755926,-0.47748683486002685,-0.3067417924152734,0.2735560234168669,-1.6453517315279396,-1.220671182285977
0.5503749824975906,-1.181705788861412,-0.7021834201022757,0.6146734162335555,-0.3358116822027106,-0.495212826576907,-0.47748683486002685,-1.0464054581219637,0.2735560234168669,0.6077727824623614,1.303428550576552
0.5503749824975906,-1.181705788861412,0.3402171880584034,0.6146734162335555,-0.3358116822027106,-0.3013454270257723,-0.47748683486002685,-0.7505399918392875,0.2735560234168669,-1.6453517315279396,-1.220671182285977
0.5503749824975906,-1.181705788861412,-0.7021834201022757,0.6146734162335555,2.9778594760034482,0.9386363241675444,-0.47748683486002685,-0.13415360375037896,0.2735560234168669,0.6077727824623614,-1.220671182285977
0.5503749824975906,-1.181705788861412,-0.7021834201022757,0.6146734162335555,-0.3358116822027106,-0.3532022078130796,-0.47748683486002685,-1.1573550079779673,0.2735560234168669,0.6077727824623614,1.303428550576552
0.5503749824975906,0.8462343245043359,0.3402171880584034,-1.6268801831833783,-0.3358116822027106,0.02775272949014272,-0.17076389939727918,0.5192159676238641,0.2735560234168669,0.6077727824623614,1.303428550576552
0.5503749824975906,0.8462343245043359,-0.7021834201022757,0.6146734162335555,-0.3358116822027106,-0.2689120340951949,0.28837131699390717,0.16171186253229713,0.2735560234168669,0.6077727824623614,0.041378684145287406
-1.8169430511939695,-1.181705788861412,-0.7021834201022757,0.6146734162335555,-0.3358116822027106,0.04699287783879031,-0.47748683486002685,-0.14648133151215714,1.6047688197510668,-1.6453517315279396,0.041378684145287406
-1.8169430511939695,-1.181705788861412,-0.7021834201022757,0.6146734162335555,-0.3358116822027106,-0.3231509284875729,-0.47748683486002685,-0.10949814822682262,0.2735560234168669,0.6077727824623614,-1.220671182285977
-1.8169430511939695,-1.181705788861412,0.3402171880584034,-1.6268801831833783,-0.3358116822027106,-0.4290633641591758,-0.47748683486002685,-1.0957163691690763,-1.6778809166639488,-1.6453517315279396,1.303428550576552
0.5503749824975906,0.8462343245043359,-0.7021834201022757,0.6146734162335555,-0.3358116822027106,-0.35466812387773844,-0.09320177778600967,-0.07251496494148811,0.2735560234168669,0.6077727824623614,0.041378684145287406
0.5503749824975906,-1.181705788861412,-0.7021834201022757,-1.6268801831833783,-0.3358116822027106,-0.3630971412495269,0.1337894662301882,-0.22044769808282616,-2.4493792418121783,-1.6453517315279396,1.303428550576552
-1.8169430511939695,-1.181705788861412,-0.7021834201022757,0.6146734162335555,-0.3358116822027106,0.3698608910799051,-0.47748683486002685,-0.2944140646534952,0.2735560234168669,0.6077727824623614,-1.220671182285977
0.5503749824975906,-1.181705788861412,-0.7021834201022757,0.6146734162335555,-0.3358116822027106,-0.40340983302764566,0.0874149110010725,-0.2944140646534952,0.2735560234168669,0.6077727824623614,-1.220671182285977
0.5503749824975906,-1.181705788861412,-0.7021834201022757,-1.6268801831833783,-0.3358116822027106,0.3988127333569177,-0.47748683486002685,-0.31906952017705154,0.2735560234168669,-1.6453517315279396,-1.220671182285977
0.5503749824975906,-1.181705788861412,-0.7021834201022757,0.6146734162335555,-0.3358116822027106,-0.26817907606286545,-0.47748683486002685,-0.39303588674772055,1.7257881648723576,-1.6453517315279396,0.041378684145287406
0.5503749824975906,0.8462343245043359,-0.7021834201022757,0.6146734162335555,-0.3358116822027106,-0.07760998765721314,-0.47748683486002685,0.1740395902940753,2.0888462002362305,0.6077727824623614,0.041378684145287406
0.5503749824975906,-1.181705788861412,-0.7021834201022757,-1.6268801831833783,-0.3358116822027106,0.35391905387674,-0.47748683486002685,-0.2944140646534952,0.2735560234168669,-1.6453517315279396,-1.220671182285977
0.5503749824975906,0.8462343245043359,2.425018404379762,0.6146734162335555,-0.3358116822027106,-0.1650152330124979,-0.47748683486002685,-0.5409686198890586,0.2735560234168669,0.6077727824623614,1.303428550576552
0.5503749824975906,-1.181705788861412,-0.7021834201022757,-1.6268801831833783,-0.3358116822027106,-0.610836956176875,0.294880026499748,-0.39303588674772055,0.2735560234168669,-1.6453517315279396,-1.220671182285977
-1.8169430511939695,-1.181705788861412,-0.7021834201022757,0.6146734162335555,-0.3358116822027106,-0.18608777644196908,-0.47748683486002685,-1.2313213745486362,0.2735560234168669,0.6077727824623614,0.041378684145287406
-1.8169430511939695,-1.181705788861412,1.3826177962190827,0.6146734162335555,-0.3358116822027106,-0.848865077175858,10.158829282601479,2.380702859652368,-2.146830879008951,0.6077727824623614,1.303428550576552
0.5503749824975906,0.8462343245043359,0.3402171880584034,-1.6268801831833783,-0.3358116822027106,-0.46332915217057674,-0.07069249074497691,-0.3807081589859424,-2.4493792418121783,-1.6453517315279396,-1.220671182285977
0.5503749824975906,0.8462343245043359,0.3402171880584034,0.6146734162335555,-0.3358116822027106,-0.36456305731418576,0.1622650703182417,0.03843458491451543,0.2735560234168669,-1.6453517315279396,-1.220671182285977
-1.8169430511939695,-1.181705788861412,-0.7021834201022757,0.6146734162335555,-0.3358116822027106,-0.6603116233591116,9.084078625449518,-0.08484269270326629,-0.22564877520845802,0.6077727824623614,1.303428550576552
0.5503749824975906,0.8462343245043359,1.3826177962190827,-1.6268801831833783,-0.3358116822027106,-0.28961809850850134,-0.04628483009807391,-0.2944140646534952,0.2735560234168669,0.6077727824623614,-1.220671182285977
0.5503749824975906,-1.181705788861412,0.3402171880584034,0.6146734162335555,-0.3358116822027106,1.111980898813455,-0.47748683486002685,0.6424932452416459,0.2735560234168669,0.6077727824623614,0.041378684145287406
0.5503749824975906,0.8462343245043359,2.425018404379762,0.6146734162335555,-0.3358116822027106,0.09555134748061518,-0.47748683486002685,-0.19579224255926983,0.2735560234168669,0.6077727824623614,1.303428550576552
-1.8169430511939695,0.8462343245043359,-0.7021834201022757,0.6146734162335555,-0.3358116822027106,-0.10967690157162578,-0.47748683486002685,-0.7382122640775094,0.2735560234168669,0.6077727824623614,-1.220671182285977
-1.8169430511939695,0.8462343245043359,-0.7021834201022757,-1.6268801831833783,-0.3358116822027106,-0.1981815839754047,-0.47748683486002685,-0.24510315360638252,0.2735560234168669,0.6077727824623614,-1.220671182285977
0.5503749824975906,0.8462343245043359,0.3402171880584034,0.6146734162335555,-0.3358116822027106,-0.21540609773514635,0.46329288496337867,0.7780982506212057,0.2735560234168669,-1.6453517315279396,1.303428550576552
0.5503749824975906,0.8462343245043359,-0.7021834201022757,0.6146734162335555,-0.3358116822027106,-0.16135044285085073,-0.47748683486002685,-0.31906952017705154,0.2735560234168669,0.6077727824623614,1.303428550576552
0.5503749824975906,-1.181705788861412,0.3402171880584034,-1.6268801831833783,2.9778594760034482,-0.20679384085527552,0.18043521768871393,0.1740395902940753,0.2735560234168669,-1.6453517315279396,1.303428550576552
0.5503749824975906,0.8462343245043359,0.3402171880584034,0.6146734162335555,-0.3358116822027106,-0.3726255956698095,0.17338411572405307,0.07541776819984995,0.2735560234168669,-1.6453517315279396,-1.220671182285977
0.5503749824975906,-1.181705788861412,-0.7021834201022757,-1.6268801831833783,-0.3358116822027106,-0.5195836811518607,-0.043572867803973576,-0.14648133151215714,0.2735560234168669,0.6077727824623614,0.041378684145287406
0.5503749824975906,-1.181705788861412,-0.7021834201022757,0.6146734162335555,-0.3358116822027106,0.20183026216838282,0.7201157142146802,0.802753706144762,0.2735560234168669,-1.6453517315279396,-1.220671182285977
-1.8169430511939695,0.8462343245043359,-0.7021834201022757,0.6146734162335555,-0.3358116822027106,-0.1637325564559214,0.32064366829370117,0.2603336846265225,-3.4780436753431507,0.6077727824623614,-1.220671182285977
0.5503749824975906,0.8462343245043359,-0.7021834201022757,0.6146734162335555,-0.3358116822027106,-0.5439545357268143,-0.17239107677373938,-0.2944140646534952,0.2735560234168669,0.6077727824623614,1.303428550576552
0.5503749824975906,-1.181705788861412,-0.7021834201022757,-1.6268801831833783,-0.3358116822027106,-0.4131215269560107,0.17474009687110323,-0.40536361450949876,0.2735560234168669,0.6077727824623614,0.041378684145287406
0.5503749824975906,0.8462343245043359,1.3826177962190827,0.6146734162335555,-0.3358116822027106,-0.4761559177363418,0.15440037966535072,-0.23277542584460434,0.2735560234168669,0.6077727824623614,-1.220671182285977
0.5503749824975906,0.8462343245043359,-0.7021834201022757,0.6146734162335555,2.9778594760034482,-0.5677756717775209,0.629807369821139,0.19869504581763167,0.2735560234168669,0.6077727824623614,0.041378684145287406
-1.8169430511939695,0.8462343245043359,1.3826177962190827,-1.6268801831833783,-0.3358116822027106,-0.9109832704157774,0.31359256632904026,-0.565624075412615,0.2735560234168669,0.6077727824623614,0.041378684145287406
-1.8169430511939695,-1.181705788861412,0.3402171880584034,0.6146734162335555,-0.3358116822027106,-0.4224667418682109,-0.05442071698037491,-0.6642458975068404,0.2735560234168669,0.6077727824623614,1.303428550576552
0.5503749824975906,-1.181705788861412,-0.7021834201022757,-1.6268801831833783,-0.3358116822027106,-0.42191702334396386,-0.36602518457250316,-0.9724390915512946,0.06177216945460785,0.6077727824623614,-1.220671182285977
0.5503749824975906,0.8462343245043359,-0.7021834201022757,-1.6268801831833783,-0.3358116822027106,-0.40047800089832797,0.3756965028639379,-0.282086336891717,0.18279151457589873,-1.6453517315279396,0.041378684145287406
0.5503749824975906,0.8462343245043359,0.3402171880584034,0.6146734162335555,-0.3358116822027106,-0.32333416799565523,-0.0028934333924685814,0.5192159676238641,0.2735560234168669,0.6077727824623614,1.303428550576552
0.5503749824975906,0.8462343245043359,-0.7021834201022757,0.6146734162335555,-0.3358116822027106,-0.4609470385655061,0.6886569516031164,-0.282086336891717,0.2735560234168669,0.6077727824623614,-1.220671182285977
0.5503749824975906,0.8462343245043359,0.3402171880584034,0.6146734162335555,-0.3358116822027106,0.5296457421277213,-0.41239973980161887,1.3451737276630016,0.2735560234168669,0.6077727824623614,1.303428550576552
-1.8169430511939695,-1.181705788861412,-0.7021834201022757,0.6146734162335555,-0.3358116822027106,0.047542596363037384,-0.47748683486002685,0.08774549596162812,1.952699436974778,-1.6453517315279396,1.303428550576552
0.5503749824975906,0.8462343245043359,0.3402171880584034,0.6146734162335555,-0.3358116822027106,-0.18828665053895738,0.4329189072694549,0.6794764285269803,0.2735560234168669,0.6077727824623614,0.041378684145287406
-1.8169430511939695,-1.181705788861412,0.3402171880584034,0.6146734162335555,-0.3358116822027106,-0.3222347309471611,-0.47748683486002685,-0.13415360375037896,0.2735560234168669,0.6077727824623614,0.041378684145287406
0.5503749824975906,0.8462343245043359,0.3402171880584034,0.6146734162335555,-0.3358116822027106,-0.3902165884457159,-0.19815471856769257,-0.5409686198890586,0.2735560234168669,0.6077727824623614,1.303428550576552
0.5503749824975906,-1.181705788861412,-0.7021834201022757,0.6146734162335555,-0.3358116822027106,0.7927776757339874,-0.47748683486002685,0.5315436953856423,0.2735560234168669,0.6077727824623614,-1.220671182285977
0.5503749824975906,0.8462343245043359,-0.7021834201022757,-1.6268801831833783,-0.3358116822027106,0.15602038514779332,-0.47748683486002685,0.19869504581763167,0.2735560234168669,0.6077727824623614,1.303428550576552
0.5503749824975906,-1.181705788861412,-0.7021834201022757,0.6146734162335555,-0.3358116822027106,-0.5401065060570848,-0.47748683486002685,-1.009422274836629,1.8165526737133257,-1.6453517315279396,0.041378684145287406
0.5503749824975906,0.8462343245043359,-0.7021834201022757,-1.6268801831833783,2.9778594760034482,-0.0891540766664017,-0.47748683486002685,-0.5902795309361714,0.2735560234168669,0.6077727824623614,1.303428550576552
-1.8169430511939695,-1.181705788861412,-0.7021834201022757,0.6146734162335555,-0.3358116822027106,-0.32278444947140816,-0.47748683486002685,-0.17113678703571347,0.2735560234168669,0.6077727824623614,0.041378684145287406
0.5503749824975906,-1.181705788861412,-0.7021834201022757,-1.6268801831833783,-0.3358116822027106,-0.22108652248569946,0.20891082177676742,-1.0957163691690763,0.2735560234168669,0.6077727824623614,-1.220671182285977
0.5503749824975906,0.8462343245043359,1.3826177962190827,0.6146734162335555,-0.3358116822027106,-0.3251665630764788,-0.10703278548592136,-0.13415360375037896,0.2735560234168669,-1.6453517315279396,-1.220671182285977
-1.8169430511939695,-1.181705788861412,-0.7021834201022757,0.6146734162335555,-0.3358116822027106,-0.5478025653965438,-0.47748683486002685,-0.7998509028864003,1.2568382025273555,-1.6453517315279396,0.041378684145287406
-1.8169430511939695,-1.181705788861412,-0.7021834201022757,0.6146734162335555,-0.3358116822027106,-0.18608777644196908,-0.47748683486002685,-0.39303588674772055,0.2735560234168669,-1.6453517315279396,0.041378684145287406
-1.8169430511939695,0.8462343245043359,-0.7021834201022757,0.6146734162335555,-0.3358116822027106,-0.36914404501624476,0.14165415688307917,0.12472867924696263,0.2735560234168669,0.6077727824623614,0.041378684145287406
0.5503749824975906,0.8462343245043359,-0.7021834201022757,0.6146734162335555,-0.3358116822027106,-0.2707444291760185,0.06490562396003974,-0.2944140646534952,0.2735560234168669,0.6077727824623614,-1.220671182285977
0.5503749824975906,0.8462343245043359,-0.7021834201022757,0.6146734162335555,-0.3358116822027106,-0.23721159919694695,0.24633590143535203,0.223350501341188,0.2735560234168669,0.6077727824623614,0.041378684145287406
-1.8169430511939695,-1.181705788861412,-0.7021834201022757,-1.6268801831833783,-0.3358116822027106,-0.5206831182003548,-0.0723196681214371,-0.5163131643655022,1.8921897644141326,-1.6453517315279396,1.303428550576552
0.5503749824975906,-1.181705788861412,-0.7021834201022757,0.6146734162335555,-0.3358116822027106,-0.26854555507903016,-0.47748683486002685,-0.43001907003305506,1.7106607467321961,0.6077727824623614,1.303428550576552
0.5503749824975906,0.8462343245043359,-0.7021834201022757,-1.6268801831833783,-0.3358116822027106,-0.6438200676316994,0.5774664975450027,0.7041318840505367,0.2735560234168669,-1.6453517315279396,0.041378684145287406
0.5503749824975906,0.8462343245043359,1.3826177962190827,0.6146734162335555,-0.3358116822027106,-0.4094567367943635,-0.042759279115743475,-0.2944140646534952,0.2735560234168669,0.6077727824623614,1.303428550576552
0.5503749824975906,0.8462343245043359,1.3826177962190827,0.6146734162335555,-0.3358116822027106,0.5774712537372167,-0.47748683486002685,1.2588796333305543,0.2735560234168669,0.6077727824623614,0.041378684145287406
-1.8169430511939695,-1.181705788861412,-0.7021834201022757,0.6146734162335555,-0.3358116822027106,0.9146319486087555,0.17474009687110323,0.7164596118123149,-0.6492164831329761,-1.6453517315279396,-1.220671182285977
0.5503749824975906,-1.181705788861412,-0.7021834201022757,0.6146734162335555,-0.3358116822027106,-0.5719901804634151,0.1215856359067367,-0.1218258759886008,0.2735560234168669,0.6077727824623614,0.041378684145287406
0.5503749824975906,0.8462343245043359,1.3826177962190827,0.6146734162335555,2.9778594760034482,0.04314484816906079,0.6604525437444728,1.517761916327896,0.2735560234168669,0.6077727824623614,1.303428550576552
-1.8169430511939695,-1.181705788861412,-0.7021834201022757,-1.6268801831833783,-0.3358116822027106,-0.15621973662454472,-0.3418887201550102,-0.5163131643655022,0.2735560234168669,-1.6453517315279396,0.041378684145287406
0.5503749824975906,-1.181705788861412,-0.7021834201022757,-1.6268801831833783,-0.3358116822027106,-0.1943335543056752,0.18206239506517413,0.02610685715273726,0.2735560234168669,-1.6453517315279396,1.303428550576552
-1.8169430511939695,-1.181705788861412,-0.7021834201022757,0.6146734162335555,-0.3358116822027106,0.9576932330081096,-0.47748683486002685,1.4191400942336707,0.2735560234168669,0.6077727824623614,1.303428550576552
-1.8169430511939695,0.8462343245043359,0.3402171880584034,0.6146734162335555,-0.3358116822027106,-0.3400089632311498,-0.22988467740866644,-0.4793299810801678,-3.9016113832676687,0.6077727824623614,0.041378684145287406
0.5503749824975906,0.8462343245043359,-0.7021834201022757,0.6146734162335555,-0.3358116822027106,-0.3572334769908915,0.05134581248953808,-0.44234679779483327,0.2735560234168669,0.6077727824623614,-1.220671182285977
0.5503749824975906,0.8462343245043359,1.3826177962190827,-1.6268801831833783,-0.3358116822027106,-0.33432853848059674,0.29786318502325837,0.001451401629180917,0.2735560234168669,0.6077727824623614,1.303428550576552
0.5503749824975906,-1.181705788861412,-0.7021834201022757,0.6146734162335555,-0.3358116822027106,-0.6196324525648281,-0.14852580858565645,-1.1943381912633018,0.2735560234168669,0.6077727824623614,1.303428550576552
0.5503749824975906,0.8462343245043359,-0.7021834201022757,-1.6268801831833783,-0.3358116822027106,-0.32534980258456114,0.7203869104440902,-0.25743088136816067,0.2735560234168669,0.6077727824623614,0.041378684145287406
-1.8169430511939695,0.8462343245043359,-0.7021834201022757,0.6146734162335555,-0.3358116822027106,-0.10967690157162578,-0.47748683486002685,-0.39303588674772055,0.2735560234168669,0.6077727824623614,-1.220671182285977
0.5503749824975906,-1.181705788861412,2.425018404379762,0.6146734162335555,-0.3358116822027106,1.3410302839164026,0.33610185337007303,2.171131487702139,0.2735560234168669,0.6077727824623614,-1.220671182285977
0.5503749824975906,0.8462343245043359,-0.7021834201022757,0.6146734162335555,-0.3358116822027106,-0.28082260212054816,0.629807369821139,0.1370564070087408,-1.7081357529442713,-1.6453517315279396,-1.220671182285977
0.5503749824975906,0.8462343245043359,-0.7021834201022757,0.6146734162335555,-0.3358116822027106,-0.217788211340217,0.41040962022842215,0.7780982506212057,0.2735560234168669,0.6077727824623614,0.041378684145287406
0.5503749824975906,0.8462343245043359,-0.7021834201022757,0.6146734162335555,-0.3358116822027106,-0.242342305423253,0.41746072219308306,-0.023204053894375427,-2.4493792418121783,0.6077727824623614,-1.220671182285977
0.5503749824975906,0.8462343245043359,-0.7021834201022757,0.6146734162335555,-0.3358116822027106,-0.39699645024476315,0.115890515089126,0.11240095148518446,0.2735560234168669,0.6077727824623614,-1.220671182285977
0.5503749824975906,0.8462343245043359,2.425018404379762,0.6146734162335555,-0.3358116822027106,-0.4609470385655061,0.0874149110010725,-0.6026072586979495,0.2735560234168669,0.6077727824623614,-1.220671182285977
0.5503749824975906,-1.181705788861412,-0.7021834201022757,0.6146734162335555,-0.3358116822027106,-0.2929164096539838,-0.47748683486002685,-0.5902795309361714,0.2735560234168669,0.6077727824623614,1.303428550576552
0.5503749824975906,0.8462343245043359,0.3402171880584034,0.6146734162335555,2.9778594760034482,2.1045893140955885,0.13270468131254806,-0.713556808553953,0.2735560234168669,0.6077727824623614,0.041378684145287406
-1.8169430511939695,0.8462343245043359,0.3402171880584034,0.6146734162335555,-0.3358116822027106,1.2494105298752236,-0.47748683486002685,4.340811573775097,0.2735560234168669,0.6077727824623614,0.041378684145287406
0.5503749824975906,0.8462343245043359,2.425018404379762,0.6146734162335555,-0.3358116822027106,8.535563089754024,-0.47748683486002685,6.855668037177844,-0.6340890649928148,0.6077727824623614,1.303428550576552
0.5503749824975906,-1.181705788861412,-0.7021834201022757,0.6146734162335555,-0.3358116822027106,-0.26231541180423,0.8106952548376313,0.3959386900060824,0.2735560234168669,0.6077727824623614,1.303428550576552
0.5503749824975906,0.8462343245043359,-0.7021834201022757,0.6146734162335555,-0.3358116822027106,-0.3693272845243271,0.08226218264228187,-0.49165770884194593,0.2735560234168669,-1.6453517315279396,1.303428550576552
0.5503749824975906,0.8462343245043359,0.3402171880584034,0.6146734162335555,-0.3358116822027106,0.7982748609764582,-0.47748683486002685,0.5315436953856423,0.2735560234168669,0.6077727824623614,1.303428550576552
0.5503749824975906,-1.181705788861412,1.3826177962190827,-1.6268801831833783,-0.3358116822027106,-0.30409401964700766,-0.47748683486002685,-0.7751954473628438,-2.434251823672017,0.6077727824623614,-1.220671182285977
-1.8169430511939695,-1.181705788861412,-0.7021834201022757,0.6146734162335555,-0.3358116822027106,1.1623717635361035,-0.47748683486002685,1.739661016039903,0.2735560234168669,-1.6453517315279396,0.041378684145287406
-1.8169430511939695,-1.181705788861412,-0.7021834201022757,0.6146734162335555,-0.3358116822027106,-0.24472441902832365,-0.47748683486002685,-0.40536361450949876,0.2735560234168669,0.6077727824623614,0.041378684145287406
-1.8169430511939695,-1.181705788861412,-0.7021834201022757,0.6146734162335555,-0.3358116822027106,-0.30629289374399593,-0.47748683486002685,-0.8368340861717347,0.2735560234168669,-1.6453517315279396,1.303428550576552
0.5503749824975906,0.8462343245043359,-0.7021834201022757,0.6146734162335555,-0.3358116822027106,0.7597945642791629,-0.47748683486002685,0.5438714231474204,-2.4493792418121783,0.6077727824623614,-1.220671182285977
-1.8169430511939695,-1.181705788861412,-0.7021834201022757,0.6146734162335555,-0.3358116822027106,-0.38398644517091574,-0.47748683486002685,-0.2944140646534952,0.2735560234168669,0.6077727824623614,0.041378684145287406
0.5503749824975906,-1.181705788861412,-0.7021834201022757,0.6146734162335555,-0.3358116822027106,-0.40212715647106917,-0.47748683486002685,-0.6889013530303967,0.2735560234168669,-1.6453517315279396,0.041378684145287406
-1.8169430511939695,-1.181705788861412,0.3402171880584034,-1.6268801831833783,-0.3358116822027106,0.001732719342447882,-0.47748683486002685,-0.14648133151215714,0.2735560234168669,0.6077727824623614,0.041378684145287406
0.5503749824975906,-1.181705788861412,-0.7021834201022757,0.6146734162335555,2.9778594760034482,0.2232692846140187,-0.47748683486002685,0.6918041562887585,0.2735560234168669,0.6077727824623614,-1.220671182285977
0.5503749824975906,0.8462343245043359,0.3402171880584034,0.6146734162335555,-0.3358116822027106,0.16518236055191124,0.6750971401326147,2.294408765319921,0.2735560234168669,0.6077727824623614,1.303428550576552
0.5503749824975906,0.8462343245043359,-0.7021834201022757,0.6146734162335555,-0.3358116822027106,0.09976585616650942,0.7686598392790761,1.4068123664718926,0.2735560234168669,0.6077727824623614,0.041378684145287406
0.5503749824975906,0.8462343245043359,-0.7021834201022757,-1.6268801831833783,-0.3358116822027106,0.1675644741569819,-0.47748683486002685,0.9137032560007656,0.2735560234168669,-1.6453517315279396,-1.220671182285977
-1.8169430511939695,-1.181705788861412,0.3402171880584034,0.6146734162335555,-0.3358116822027106,-0.08402337044009567,-0.47748683486002685,-0.7751954473628438,0.2735560234168669,0.6077727824623614,0.041378684145287406
0.5503749824975906,0.8462343245043359,0.3402171880584034,0.6146734162335555,-0.3358116822027106,-0.5804191978352036,0.31576213616432053,-0.3807081589859424,0.2735560234168669,0.6077727824623614,1.303428550576552
-1.8169430511939695,0.8462343245043359,-0.7021834201022757,0.6146734162335555,-0.3358116822027106,-0.18352242332881608,0.14789167015950994,0.4699050565767514,0.2735560234168669,0.6077727824623614,0.041378684145287406
0.5503749824975906,0.8462343245043359,0.3402171880584034,-1.6268801831833783,-0.3358116822027106,-0.4928307129718364,0.16660420998880224,-0.2944140646534952,0.2735560234168669,0.6077727824623614,-1.220671182285977
0.5503749824975906,-1.181705788861412,-0.7021834201022757,0.6146734162335555,-0.3358116822027106,0.2064112498704418,-0.47748683486002685,-0.23277542584460434,0.2735560234168669,-1.6453517315279396,-1.220671182285977
0.5503749824975906,-1.181705788861412,-0.7021834201022757,0.6146734162335555,-0.3358116822027106,-0.04847490587211821,-0.47748683486002685,-0.17113678703571347,0.2735560234168669,-1.6453517315279396,-1.220671182285977
0.5503749824975906,-1.181705788861412,-0.7021834201022757,0.6146734162335555,2.9778594760034482,0.15913545678519342,0.6976064271736474,-0.2944140646534952,-2.4493792418121783,0.6077727824623614,1.303428550576552
0.5503749824975906,-1.181705788861412,-0.7021834201022757,0.6146734162335555,-0.3358116822027106,0.5774712537372167,0.539499025427598,0.5315436953856423,0.2735560234168669,0.6077727824623614,-1.220671182285977
0.5503749824975906,0.8462343245043359,1.3826177962190827,-1.6268801831833783,-0.3358116822027106,-0.045543073742800484,-0.47748683486002685,-0.22044769808282616,0.2735560234168669,-1.6453517315279396,-1.220671182285977
0.5503749824975906,-1.181705788861412,-0.7021834201022757,-1.6268801831833783,-0.3358116822027106,-0.45490013479878827,0.2777946640469159,-0.5902795309361714,0.2735560234168669,0.6077727824623614,0.041378684145287406
0.5503749824975906,0.8462343245043359,1.3826177962190827,0.6146734162335555,-0.3358116822027106,-0.3706099610809036,-0.3524653731020015,-0.44234679779483327,-3.9016113832676687,0.6077727824623614,1.303428550576552
0.5503749824975906,0.8462343245043359,2.425018404379762,0.6146734162335555,-0.3358116822027106,3.412186443771295,-0.47748683486002685,2.7875178757910475,0.2735560234168669,0.6077727824623614,-1.220671182285977
-1.8169430511939695,-1.181705788861412,-0.7021834201022757,-1.6268801831833783,-0.3358116822027106,-0.10839422501504928,-0.47748683486002685,-0.7505399918392875,0.2735560234168669,0.6077727824623614,-1.220671182285977
0.5503749824975906,0.8462343245043359,1.3826177962190827,0.6146734162335555,2.9778594760034482,2.0785693039478934,-0.20249385823825308,0.07541776819984995,0.2735560234168669,0.6077727824623614,-1.220671182285977
0.5503749824975906,0.8462343245043359,-0.7021834201022757,0.6146734162335555,2.9778594760034482,-0.39974504286599855,-0.47748683486002685,-0.9601113637895164,0.2735560234168669,0.6077727824623614,1.303428550576552
-1.8169430511939695,-1.181705788861412,-0.7021834201022757,0.6146734162335555,-0.3358116822027106,-0.1716118553034628,-0.47748683486002685,-0.3313972479388297,0.2735560234168669,-1.6453517315279396,0.041378684145287406
0.5503749824975906,0.8462343245043359,1.3826177962190827,-1.6268801831833783,-0.3358116822027106,-0.5157356514821312,-0.12167738187406317,-0.13415360375037896,0.2735560234168669,-1.6453517315279396,-1.220671182285977
0.5503749824975906,0.8462343245043359,1.3826177962190827,-1.6268801831833783,-0.3358116822027106,-0.1637325564559214,0.4074264617049118,-0.13415360375037896,-2.4493792418121783,0.6077727824623614,1.303428550576552
0.5503749824975906,0.8462343245043359,-0.7021834201022757,0.6146734162335555,-0.3358116822027106,-0.6179832969920869,0.02910772167791535,-0.6642458975068404,0.2735560234168669,0.6077727824623614,1.303428550576552
0.5503749824975906,0.8462343245043359,-0.7021834201022757,0.6146734162335555,-0.3358116822027106,-0.22731666576049964,0.15602755704181093,-0.1218258759886008,0.2735560234168669,0.6077727824623614,0.041378684145287406
-1.8169430511939695,0.8462343245043359,-0.7021834201022757,-1.6268801831833783,-0.3358116822027106,-0.46882633741304747,0.45678417545753786,0.03843458491451543,-1.3904599720008828,-1.6453517315279396,-1.220671182285977
0.5503749824975906,-1.181705788861412,-0.7021834201022757,0.6146734162335555,-0.3358116822027106,-0.09135295076338999,0.04185394446018691,0.506888239862086,0.2735560234168669,0.6077727824623614,0.041378684145287406
0.5503749824975906,0.8462343245043359,1.3826177962190827,0.6146734162335555,2.9778594760034482,0.2659640899972081,-0.47748683486002685,-0.2944140646534952,0.2735560234168669,-1.6453517315279396,-1.220671182285977
0.5503749824975906,0.8462343245043359,-0.7021834201022757,0.6146734162335555,-0.3358116822027106,-0.30097894800960756,-0.10432082319182104,-1.0957163691690763,0.2735560234168669,0.6077727824623614,-1.220671182285977
-1.8169430511939695,0.8462343245043359,-0.7021834201022757,0.6146734162335555,-0.3358116822027106,-0.41275504793984596,0.15521396835358084,-0.06018723717970994,0.2735560234168669,0.6077727824623614,0.041378684145287406
-1.8169430511939695,0.8462343245043359,-0.7021834201022757,-1.6268801831833783,-0.3358116822027106,-0.5556818642440852,0.40037535974025096,0.42059414552963875,0.2735560234168669,-1.6453517315279396,0.041378684145287406
0.5503749824975906,-1.181705788861412,-0.7021834201022757,0.6146734162335555,-0.3358116822027106,-0.38636855877598636,-0.47748683486002685,-0.8738172694570693,2.043463945815746,0.6077727824623614,0.041378684145287406
0.5503749824975906,0.8462343245043359,0.3402171880584034,0.6146734162335555,-0.3358116822027106,0.379022866484023,-0.025402720433501346,-0.4176913422712769,0.2735560234168669,-1.6453517315279396,1.303428550576552
-1.8169430511939695,-1.181705788861412,-0.7021834201022757,0.6146734162335555,-0.3358116822027106,-0.1937838357814281,-0.47748683486002685,-0.35605270346238604,0.2735560234168669,0.6077727824623614,0.041378684145287406
0.5503749824975906,-1.181705788861412,0.3402171880584034,-1.6268801831833783,-0.3358116822027106,-0.2905342960489131,-0.47748683486002685,-0.5409686198890586,-1.5417341534024964,0.6077727824623614,1.303428550576552
0.5503749824975906,0.8462343245043359,1.3826177962190827,0.6146734162335555,-0.3358116822027106,-0.11279197320902587,-0.47748683486002685,-0.5409686198890586,0.2735560234168669,0.6077727824623614,1.303428550576552
0.5503749824975906,0.8462343245043359,0.3402171880584034,-1.6268801831833783,-0.3358116822027106,-0.40102771942257504,-0.012927693880639813,-0.6765736252686185,-1.4660970627016896,-1.6453517315279396,0.041378684145287406
-1.8169430511939695,-1.181705788861412,-0.7021834201022757,0.6146734162335555,2.9778594760034482,-0.49136479690717755,-0.47748683486002685,-0.6272627142215058,0.2735560234168669,0.6077727824623614,1.303428550576552
0.5503749824975906,-1.181705788861412,-0.7021834201022757,0.6146734162335555,-0.3358116822027106,-0.4116556108913518,-0.47748683486002685,-0.565624075412615,0.2735560234168669,0.6077727824623614,0.041378684145287406
0.5503749824975906,-1.181705788861412,1.3826177962190827,0.6146734162335555,-0.3358116822027106,-0.04737546882362406,-0.47748683486002685,0.27266141238830066,0.2735560234168669,-1.6453517315279396,0.041378684145287406
-1.8169430511939695,-1.181705788861412,-0.7021834201022757,-1.6268801831833783,-0.3358116822027106,-0.08329041240776623,-0.47748683486002685,-0.5409686198890586,0.2735560234168669,0.6077727824623614,0.041378684145287406
0.5503749824975906,0.8462343245043359,0.3402171880584034,0.6146734162335555,-0.3358116822027106,-0.1646487539963332,0.33610185337007303,0.34662777895896973,-3.9016113832676687,0.6077727824623614,-1.220671182285977
-1.8169430511939695,-1.181705788861412,-0.7021834201022757,0.6146734162335555,-0.3358116822027106,-0.30940796538139603,-0.47748683486002685,-0.7258845363157312,0.2735560234168669,-1.6453517315279396,0.041378684145287406
0.5503749824975906,0.8462343245043359,2.425018404379762,0.6146734162335555,-0.3358116822027106,-0.19708214692691056,-0.47748683486002685,-1.2806322855957488,-2.4493792418121783,0.6077727824623614,-1.220671182285977
0.5503749824975906,0.8462343245043359,-0.7021834201022757,0.6146734162335555,-0.3358116822027106,-0.38600207975982165,0.1777232553946136,-0.06018723717970994,0.2735560234168669,0.6077727824623614,-1.220671182285977
0.5503749824975906,-1.181705788861412,0.3402171880584034,-1.6268801831833783,-0.3358116822027106,-0.417885754166152,-0.04709841878630401,-0.08484269270326629,0.2735560234168669,0.6077727824623614,0.041378684145287406
0.5503749824975906,-1.181705788861412,-0.7021834201022757,-1.6268801831833783,-0.3358116822027106,0.14429305663052241,-0.47748683486002685,0.07541776819984995,0.2735560234168669,-1.6453517315279396,-1.220671182285977
0.5503749824975906,0.8462343245043359,-0.7021834201022757,0.6146734162335555,-0.3358116822027106,-0.26854555507903016,-0.47748683486002685,-1.2559768300721925,-2.4493792418121783,0.6077727824623614,-1.220671182285977
0.5503749824975906,0.8462343245043359,2.425018404379762,0.6146734162335555,-0.3358116822027106,0.22436872166251287,-0.47748683486002685,0.07541776819984995,0.2735560234168669,0.6077727824623614,0.041378684145287406
0.5503749824975906,-1.181705788861412,-0.7021834201022757,0.6146734162335555,-0.3358116822027106,0.22345252412210106,-0.47748683486002685,-0.31906952017705154,0.2735560234168669,-1.6453517315279396,-1.220671182285977
0.5503749824975906,-1.181705788861412,-0.7021834201022757,0.6146734162335555,-0.3358116822027106,-0.3081252888248195,-0.47748683486002685,-0.7751954473628438,-0.6340890649928148,0.6077727824623614,0.041378684145287406
0.5503749824975906,0.8462343245043359,1.3826177962190827,0.6146734162335555,-0.3358116822027106,2.104406074587506,-0.47748683486002685,1.6163837384221214,0.2735560234168669,0.6077727824623614,1.303428550576552
0.5503749824975906,0.8462343245043359,1.3826177962190827,0.6146734162335555,-0.3358116822027106,-0.3222347309471611,0.20185971981210657,-0.22044769808282616,0.2735560234168669,-1.6453517315279396,-1.220671182285977
0.5503749824975906,0.8462343245043359,-0.7021834201022757,-1.6268801831833783,-0.3358116822027106,-0.6196324525648281,0.3182029022290108,-0.6272627142215058,0.2735560234168669,-1.6453517315279396,1.303428550576552
0.5503749824975906,0.8462343245043359,-0.7021834201022757,0.6146734162335555,-0.3358116822027106,-0.4365761839905525,0.13351827000077818,-0.2697586091299389,0.2735560234168669,0.6077727824623614,0.041378684145287406
-1.8169430511939695,-1.181705788861412,-0.7021834201022757,0.6146734162335555,-0.3358116822027106,0.14997348138107552,-0.47748683486002685,0.14938413477051898,0.2735560234168669,0.6077727824623614,1.303428550576552
0.5503749824975906,0.8462343245043359,2.425018404379762,0.6146734162335555,2.9778594760034482,0.9084018053339553,-0.47748683486002685,1.4314678219954489,0.2735560234168669,0.6077727824623614,0.041378684145287406
0.5503749824975906,-1.181705788861412,-0.7021834201022757,0.6146734162335555,-0.3358116822027106,-0.24252554493133535,-0.47748683486002685,-0.8368340861717347,0.2735560234168669,0.6077727824623614,0.041378684145287406
0.5503749824975906,0.8462343245043359,0.3402171880584034,0.6146734162335555,-0.3358116822027106,0.012543850319307005,-0.29090382902592393,0.19869504581763167,0.2735560234168669,0.6077727824623614,-1.220671182285977
0.5503749824975906,0.8462343245043359,0.3402171880584034,0.6146734162335555,-0.3358116822027106,0.05835372733989651,-0.1357795858033849,0.3219723234354134,0.2735560234168669,0.6077727824623614,-1.220671182285977
0.5503749824975906,0.8462343245043359,-0.7021834201022757,0.6146734162335555,-0.3358116822027106,-0.1554867785922153,0.18721512342396476,-0.4176913422712769,0.2735560234168669,0.6077727824623614,1.303428550576552
0.5503749824975906,0.8462343245043359,1.3826177962190827,0.6146734162335555,-0.3358116822027106,-0.05800336029240083,1.0477207593420004,0.7904259783829839,0.2735560234168669,0.6077727824623614,0.041378684145287406
0.5503749824975906,0.8462343245043359,1.3826177962190827,-1.6268801831833783,2.9778594760034482,0.22015421297661864,-0.20629060544999356,0.5315436953856423,0.2735560234168669,0.6077727824623614,-1.220671182285977
0.5503749824975906,0.8462343245043359,-0.7021834201022757,0.6146734162335555,-0.3358116822027106,0.11863952549899229,-0.47748683486002685,-0.07251496494148811,0.2735560234168669,0.6077727824623614,-1.220671182285977
0.5503749824975906,0.8462343245043359,-0.7021834201022757,0.6146734162335555,-0.3358116822027106,-0.06679885668035401,-0.22717271511456613,-0.2944140646534952,-2.4493792418121783,0.6077727824623614,1.303428550576552
0.5503749824975906,0.8462343245043359,-0.7021834201022757,0.6146734162335555,-0.3358116822027106,-0.10967690157162578,1.0479919555714103,1.3698291831865579,0.2735560234168669,0.6077727824623614,0.041378684145287406
0.5503749824975906,0.8462343245043359,-0.7021834201022757,0.6146734162335555,-0.3358116822027106,0.0889547251896503,0.24579350897653196,0.4452496010531951,0.2735560234168669,0.6077727824623614,-1.220671182285977
0.5503749824975906,0.8462343245043359,1.3826177962190827,0.6146734162335555,-0.3358116822027106,-0.242342305423253,-0.47748683486002685,-0.5902795309361714,0.2735560234168669,0.6077727824623614,0.041378684145287406
0.5503749824975906,-1.181705788861412,-0.7021834201022757,-1.6268801831833783,-0.3358116822027106,0.39423174565485875,-0.47748683486002685,-0.2944140646534952,0.2735560234168669,0.6077727824623614,-1.220671182285977
0.5503749824975906,0.8462343245043359,0.3402171880584034,0.6146734162335555,-0.3358116822027106,0.05249006308126105,-0.1976123261088725,-1.4532204742606434,0.2735560234168669,0.6077727824623614,0.041378684145287406
-1.8169430511939695,-1.181705788861412,-0.7021834201022757,-1.6268801831833783,-0.3358116822027106,-0.5897644127474038,-0.47748683486002685,-1.1203718246926326,0.2735560234168669,0.6077727824623614,0.041378684145287406
0.5503749824975906,0.8462343245043359,-0.7021834201022757,0.6146734162335555,-0.3358116822027106,1.7410421300601902,0.09202524690104308,1.9738878435136884,0.2735560234168669,0.6077727824623614,-1.220671182285977
0.5503749824975906,0.8462343245043359,1.3826177962190827,0.6146734162335555,-0.3358116822027106,0.6628608645035956,-0.47748683486002685,1.4068123664718926,0.2735560234168669,-1.6453517315279396,1.303428550576552
0.5503749824975906,0.8462343245043359,-0.7021834201022757,0.6146734162335555,-0.3358116822027106,-0.05891955783281262,-0.2523939644496992,-0.23277542584460434,0.2735560234168669,0.6077727824623614,0.041378684145287406
-1.8169430511939695,-1.181705788861412,0.3402171880584034,-1.6268801831833783,-0.3358116822027106,-0.09190266928763706,-0.47748683486002685,-0.5163131643655022,0.2735560234168669,0.6077727824623614,-1.220671182285977
0.5503749824975906,0.8462343245043359,-0.7021834201022757,0.6146734162335555,2.9778594760034482,0.80230613015427,-0.47748683486002685,0.580854606432755,0.2735560234168669,0.6077727824623614,0.041378684145287406
0.5503749824975906,-1.181705788861412,-0.7021834201022757,0.6146734162335555,-0.3358116822027106,0.6201660591204061,-0.47748683486002685,0.8150814339065402,0.2735560234168669,0.6077727824623614,1.303428550576552
0.5503749824975906,-1.181705788861412,-0.7021834201022757,0.6146734162335555,-0.3358116822027106,-0.24124286837475883,-0.032725018627572246,-0.2944140646534952,0.2735560234168669,0.6077727824623614,-1.220671182285977
-1.8169430511939695,0.8462343245043359,-0.7021834201022757,0.6146734162335555,-0.3358116822027106,-0.1554867785922153,0.18721512342396476,-0.4176913422712769,0.2735560234168669,0.6077727824623614,1.303428550576552
0.5503749824975906,0.8462343245043359,-0.7021834201022757,0.6146734162335555,-0.3358116822027106,-0.25773442410217107,-0.47748683486002685,-0.4176913422712769,0.2735560234168669,0.6077727824623614,0.041378684145287406
0.5503749824975906,0.8462343245043359,1.3826177962190827,0.6146734162335555,-0.3358116822027106,-0.4076243417135399,-0.47748683486002685,-0.7751954473628438,0.2735560234168669,0.6077727824623614,0.041378684145287406
